AnalysisSet,Subject,Phase,CSplus_minus_CSminus,CSS_minus_CSminus,CSR_minus_CSminus
All subjects,N101,Acquisition,0.04163221330370784,0.07941853639818341,0.0038458902092322646
All subjects,N102,Acquisition,0.0,0.0,0.0
All subjects,N103,Acquisition,0.010143221577095185,-0.011383416465740537,0.03166985961993091
All subjects,N104,Acquisition,-0.018114220932736798,-0.018114220932736798,-0.018114220932736798
All subjects,N105,Acquisition,0.0,0.0,0.0
All subjects,N106,Acquisition,0.0,0.0,0.0
All subjects,N108,Acquisition,0.023041372062208826,-0.012821035293444905,0.05890377941786255
All subjects,N109,Acquisition,0.02095008318365607,0.02883230070328248,0.013067865664029676
All subjects,N110,Acquisition,-0.0027583026954343948,-0.030002126562266307,0.024485521171397545
All subjects,N111,Acquisition,0.02542189219271873,0.051816371282160156,-0.0009725868967226381
All subjects,N112,Acquisition,0.011524430571616109,0.023048861143232218,0.0
All subjects,N113,Acquisition,0.04253606688624616,0.03112474899497183,0.05394738477752049
All subjects,N114,Acquisition,0.12036085338749075,0.13082364990910822,0.10989805686587323
All subjects,N115,Acquisition,0.05385863295583808,0.054916952665160355,0.052800313246515816
All subjects,N117,Acquisition,0.03297403374234585,0.05938830915528691,0.00655975832940477
All subjects,N118,Acquisition,0.030405994373845988,-0.006292322646748158,0.06710431139444015
All subjects,N120,Acquisition,0.04078026388942271,0.06073921984596389,0.02082130793288155
All subjects,N121,Acquisition,0.027297375257872347,0.07715474609599918,-0.02255999558025447
All subjects,N122,Acquisition,0.06328584898898065,0.04362875455191159,0.08294294342604974
All subjects,N123,Acquisition,0.012022115038544591,0.0,0.024044230077089182
All subjects,N124,Acquisition,0.019719379504845258,0.022511041168803925,0.01692771784088659
All subjects,N125,Acquisition,-0.021286732957408003,-0.021286732957408003,-0.021286732957408003
All subjects,N127,Acquisition,0.0,0.0,0.0
All subjects,N128,Acquisition,-0.12394541056976041,-0.13066250629863338,-0.11722831484088744
All subjects,N129,Acquisition,0.09292850955267762,0.051946054991511614,0.13391096411384373
All subjects,N130,Acquisition,0.008994482030104549,0.06126614449855888,-0.043277180438349785
All subjects,N131,Acquisition,-0.04560202273601626,-0.04560202273601626,-0.04560202273601626
All subjects,N132,Acquisition,0.0,0.0,0.0
All subjects,N133,Acquisition,0.016535945694153693,0.0,0.033071891388307385
All subjects,N134,Acquisition,-0.0023419447520757336,-0.004352165720225759,-0.0003317237839257081
All subjects,N135,Acquisition,0.0,0.0,0.0
All subjects,N136,Acquisition,-0.058221240165334726,-0.0909988514462339,-0.025443628884435576
All subjects,N137,Acquisition,0.022217394569950286,-0.020155644370746375,0.06459043351064694
All subjects,N138,Acquisition,0.0506891734252396,0.01176257699210248,0.08961576985837671
All subjects,N141,Acquisition,-0.048970788063884246,-0.04548322732065363,-0.05245834880711489
All subjects,N142,Acquisition,-0.06815779907443364,-0.07675565887662643,-0.05955993927224084
All subjects,N143,Acquisition,-0.0408399410594229,-0.0032526322377943173,-0.07842724988105154
All subjects,N144,Acquisition,-0.005198962487756448,-0.09799954668296045,0.08760162170744754
All subjects,N145,Acquisition,0.0,0.0,0.0
All subjects,N146,Acquisition,-0.011404615269381817,-0.0015224975813556314,-0.021286732957408003
All subjects,N147,Acquisition,-0.002861926376780042,-0.02053959590644373,0.014815743152883646
All subjects,N148,Acquisition,0.03260743233163191,0.12515059456269004,-0.05993572989942621
All subjects,N149,Acquisition,0.0074813119497461195,0.023176564961724835,-0.00821394106223261
All subjects,N150,Acquisition,-0.00010515363967248531,-0.010576737799808732,0.010366430520463765
All subjects,N151,Acquisition,0.0677388378956674,0.05541490579074665,0.08006277000058815
All subjects,N153,Acquisition,-0.08121069012515561,-0.09244747027116093,-0.06997390997915028
All subjects,N154,Acquisition,-0.06336153859846691,-0.05565303222791397,-0.07107004496901984
All subjects,N155,Acquisition,0.015149688353546294,-0.0007753605303913585,0.031074737237483944
All subjects,N156,Acquisition,0.018668156212916634,0.02115982772957415,0.01617648469625911
All subjects,N157,Acquisition,0.25795342724450704,0.35908328416192337,0.1568235703270907
All subjects,N158,Acquisition,0.013220039600255529,0.09035889624388838,-0.06391881704337732
All subjects,N201,Acquisition,-0.04851851195221363,-0.036729535814657044,-0.060307488089770156
All subjects,N202,Acquisition,0.01863370063261449,0.005311848001375574,0.03195555326385341
All subjects,N203,Acquisition,0.0,0.0,0.0
All subjects,N204,Acquisition,0.0,0.0,0.0
All subjects,N206,Acquisition,0.0,0.0,0.0
All subjects,N207,Acquisition,0.0,0.0,0.0
All subjects,N208,Acquisition,0.11189306300488674,0.1588525128400593,0.06493361316971419
All subjects,N209,Acquisition,0.03991272666933851,0.027144290849972864,0.05268116248870416
All subjects,N210,Acquisition,0.0533171126420352,0.09542685627269215,0.011207369011378143
All subjects,N211,Acquisition,0.0,0.0,0.0
All subjects,N212,Acquisition,0.06732468643809411,0.1099421135740726,0.024707259302115578
All subjects,N213,Acquisition,-0.025103235193896706,-0.0380160096443275,-0.012190460743465914
All subjects,N214,Acquisition,0.0746427323138868,0.07419664405196119,0.0750888205758124
All subjects,N215,Acquisition,-0.004763262321720918,0.007790212199884683,-0.01731673684332649
All subjects,N216,Acquisition,0.0024551081586527967,0.053676131232918145,-0.04876591491561255
All subjects,N217,Acquisition,0.00032057425253164545,0.005193279763442624,-0.004552131258379326
All subjects,N219,Acquisition,-0.028228974476590535,-0.028228974476590535,-0.028228974476590535
All subjects,N220,Acquisition,0.0,0.0,0.0
All subjects,N221,Acquisition,0.0,0.0,0.0
All subjects,N222,Acquisition,-0.03400633115458329,-0.056976483611007656,-0.011036178698158927
All subjects,N224,Acquisition,0.00267160623774898,-0.0031101388768718097,0.008453351352369774
All subjects,N225,Acquisition,-0.001145346814131809,-0.011318844757258917,0.009028151128995243
All subjects,N226,Acquisition,0.0,0.0,0.0
All subjects,N227,Acquisition,0.18810166683790547,0.2242615551313794,0.15194177854443147
All subjects,N228,Acquisition,-0.032370419792588256,-0.03367315558235448,-0.03106768400282202
All subjects,N230,Acquisition,0.23930814558498276,0.2222413143250257,0.2563749768449397
All subjects,N231,Acquisition,-0.021860346584524237,-0.012001551315635323,-0.03171914185341315
All subjects,N232,Acquisition,0.10797175864426639,0.11195274177709902,0.10399077551143368
All subjects,N233,Acquisition,0.005052425976113439,0.0031247719747209413,0.0069800799775059374
All subjects,N234,Acquisition,-0.0005760296958253475,0.0027642605802625786,-0.0039163199719132735
All subjects,N235,Acquisition,-0.02457327264330525,-0.05741297642894879,0.00826643114233827
All subjects,N236,Acquisition,0.16627011802373526,0.11888983920788065,0.21365039683958986
All subjects,N237,Acquisition,-0.004864065536986751,-0.0057076891376734475,-0.004020441936300051
All subjects,N238,Acquisition,0.012183492931011205,0.02436698586202241,0.0
All subjects,N240,Acquisition,0.05728721952013362,0.08835421783601345,0.02622022120425379
All subjects,N241,Acquisition,0.0,0.0,0.0
All subjects,N242,Acquisition,0.010269797953221865,0.02053959590644373,0.0
All subjects,N243,Acquisition,0.01963736284000997,0.03848013298083676,0.0007945926991831664
All subjects,N244,Acquisition,0.024070126316053223,0.049170300875930495,-0.00103004824382405
All subjects,N246,Acquisition,-0.009671532488922836,0.0394518919942954,-0.05879495697214106
All subjects,N247,Acquisition,-0.021553098226667344,0.013324593663739115,-0.056430790117073824
All subjects,N248,Acquisition,0.00018444700034794814,0.0015372260163831197,-0.0011683320156871957
All subjects,N249,Acquisition,-0.04380846545314156,-0.04380846545314156,-0.04380846545314156
All subjects,N250,Acquisition,-0.050101987279370486,-0.039458620800666484,-0.06074535375807449
All subjects,N251,Acquisition,-0.021773755637246206,0.03516654068119135,-0.0787140519556837
All subjects,N252,Acquisition,0.12787128765906836,0.0015826196178524432,0.2541599557002843
All subjects,N253,Acquisition,0.05417418921815351,0.07962046915770363,0.02872790927860333
All subjects,N254,Acquisition,-0.020743469289165997,0.029206264640617832,-0.07069320321894983
All subjects,N255,Acquisition,-0.02436698586202241,-0.02436698586202241,-0.02436698586202241
All subjects,N257,Acquisition,0.011204121981251869,0.00917655391932759,0.013231690043176147
All subjects,N258,Acquisition,-0.008872747825160593,-0.003868946568187398,-0.013876549082133788
All subjects,N259,Acquisition,0.043696494704320826,0.025446378365269886,0.06194661104337179
All subjects,N260,Acquisition,0.01635314801787241,0.024238169178444235,0.008468126857300584
All subjects,N101,Extinction,0.005018140358387879,-0.00766199260323619,0.017698273320011948
All subjects,N103,Extinction,-0.036800388077869894,0.0,-0.07360077615573979
All subjects,N104,Extinction,-0.03894266179400979,-0.038738797733555694,-0.039146525854463904
All subjects,N105,Extinction,0.009702414859149744,0.0016634706161625379,0.01774135910213695
All subjects,N106,Extinction,-0.0013312615827461571,-0.005109892808569549,0.002447369643077152
All subjects,N108,Extinction,-0.03202280159715351,0.01624033819957449,-0.08028594139388151
All subjects,N109,Extinction,0.049689934383914836,-0.028994714877417338,0.12837458364524706
All subjects,N110,Extinction,-0.0070343030509596866,0.003609063427744315,-0.017677669529663688
All subjects,N111,Extinction,0.04798606323716653,0.04190142163704155,0.05407070483729154
All subjects,N112,Extinction,-0.01293289708215202,-0.0030628937823935776,-0.022802900381910463
All subjects,N113,Extinction,0.03291665708208566,0.034374862390512656,0.03145845177365866
All subjects,N114,Extinction,-0.03513367330638799,-0.03513367330638799,-0.03513367330638799
All subjects,N115,Extinction,0.05431731911576257,0.05560162964253408,0.05303300858899106
All subjects,N117,Extinction,0.0,0.0,0.0
All subjects,N118,Extinction,-0.08488018119300367,-0.08585793574298345,-0.08390242664302389
All subjects,N121,Extinction,-0.07453394901265412,-0.09386085743224437,-0.05520704059306385
All subjects,N122,Extinction,0.02459240817058339,0.027000904591935826,0.0221839117492309
All subjects,N123,Extinction,0.03369417996476603,0.01962312842171341,0.047765231507818674
All subjects,N124,Extinction,-0.08427035285510945,-0.07231288143475148,-0.09622782427546739
All subjects,N125,Extinction,0.02673991805506746,0.053906111395137284,-0.0004262752850023588
All subjects,N127,Extinction,0.03747817242991369,0.03832148672003484,0.03663485813979256
All subjects,N128,Extinction,0.01698015989939921,0.014241226831125164,0.01971909296767326
All subjects,N129,Extinction,-0.18657085551990277,-0.2530454370482494,-0.12009627399155615
All subjects,N130,Extinction,-0.01060148447148515,-0.011320565531712234,-0.009882403411258067
All subjects,N131,Extinction,0.12244884447840654,0.1189514174227228,0.12594627153409027
All subjects,N132,Extinction,-0.04635603199065422,-0.03750726772048067,-0.05520479626082775
All subjects,N133,Extinction,-0.032303945481338386,-0.04907289207232085,-0.01553499889035595
All subjects,N134,Extinction,-0.01976423537605237,-0.01976423537605237,-0.01976423537605237
All subjects,N135,Extinction,0.04194470821827324,0.06152873666154858,0.022360679774997897
All subjects,N136,Extinction,0.0007087855777390129,0.0016258143432857641,-0.00020824318780779394
All subjects,N137,Extinction,0.023487799967411252,0.05570859953734521,-0.008732999602522662
All subjects,N138,Extinction,0.04250165220445967,0.04137636002625411,0.04362694438266529
All subjects,N141,Extinction,0.009730933723210072,0.01749967604957592,0.00196219139684424
All subjects,N142,Extinction,0.00434529676056547,0.00720591569652676,0.0014846778246041525
All subjects,N143,Extinction,0.025979693432558973,0.08019374766047517,-0.028234360795357308
All subjects,N144,Extinction,0.01102919716795392,0.012384966233586425,0.009673428102321413
All subjects,N145,Extinction,0.0006851643481392555,0.0023510212434257605,-0.0009806925471472494
All subjects,N146,Extinction,0.0022555365109757086,-0.0015011746311217045,0.0060122476530731495
All subjects,N147,Extinction,-0.02548906448906725,-0.03457997852893602,-0.01639815044919849
All subjects,N148,Extinction,-0.0004592340901789643,-0.0004448224490965075,-0.0004736457312614073
All subjects,N149,Extinction,-0.052738114537054986,0.0022388952902043513,-0.10771512436431431
All subjects,N150,Extinction,0.03455937938481156,0.033705324616011806,0.03541343415361131
All subjects,N151,Extinction,-0.026734779996032076,-0.0185507723358099,-0.03491878765625426
All subjects,N153,Extinction,-0.04838943558754849,-0.02863457990268309,-0.06814429127241389
All subjects,N154,Extinction,-0.007066394127532016,-0.011153933948589795,-0.0029788543064742934
All subjects,N155,Extinction,0.00024773639739078535,-0.0009257042395311443,0.0014211770343126873
All subjects,N156,Extinction,-0.05355250288607161,-0.004857270959142512,-0.10224773481300067
All subjects,N157,Extinction,-0.11990423269972342,-0.10879978640499921,-0.13100867899444762
All subjects,N158,Extinction,-0.02687234313238257,-0.043959000282749155,-0.009785685982015985
All subjects,N201,Extinction,0.10866930031957606,0.1134647623866927,0.10387383825245944
All subjects,N202,Extinction,0.004424286471570754,-0.06593564787194264,0.07478422081508418
All subjects,N203,Extinction,-0.027602744743142935,-0.0012993780911485786,-0.053906111395137284
All subjects,N204,Extinction,0.0,0.0,0.0
All subjects,N206,Extinction,0.027166193340069818,0.03535533905932737,0.018977047620812267
All subjects,N207,Extinction,0.0,0.0,0.0
All subjects,N209,Extinction,-0.008838834764831844,0.0,-0.017677669529663688
All subjects,N210,Extinction,0.016384762570132785,-0.007299966095939789,0.04006949123620537
All subjects,N211,Extinction,0.011526058541913436,0.0023457524258773677,0.020706364657949505
All subjects,N212,Extinction,0.030399360404168962,0.011325109144915885,0.04947361166342201
All subjects,N213,Extinction,-0.048352912992551844,-0.03568598816659102,-0.06101983781851272
All subjects,N214,Extinction,0.06807771867669654,0.12381731078974217,0.012338126563650964
All subjects,N215,Extinction,-0.017234548131367766,-0.016524503450980804,-0.0179445928117547
All subjects,N216,Extinction,0.02397524641219606,0.05718206042174234,-0.009231567597350165
All subjects,N217,Extinction,-0.10356349572964979,-0.11655594581155626,-0.09057104564774332
All subjects,N219,Extinction,0.0006750973377844249,0.012138737102678043,-0.010788542427109221
All subjects,N220,Extinction,0.00783451157738159,-0.0020568796926916794,0.01772590284745483
All subjects,N221,Extinction,-0.00021438027415565664,-0.0016698734539989657,0.0012411129056876524
All subjects,N222,Extinction,0.019664152312137327,0.021650635094610966,0.017677669529663688
All subjects,N224,Extinction,0.0012945866448422771,0.0021526218866114166,0.0004365514030731099
All subjects,N225,Extinction,-0.03156132235693618,-0.04225260414885409,-0.020870040565018275
All subjects,N226,Extinction,0.0,0.0,0.0
All subjects,N227,Extinction,0.07014807203116297,0.12301165851790741,0.017284485544418526
All subjects,N228,Extinction,-0.04833465988169658,-0.02782216733819301,-0.06884715242520013
All subjects,N230,Extinction,0.003960920689511205,0.0032388311336882004,0.004683010245334209
All subjects,N231,Extinction,0.011225903931812359,0.05196935303919489,-0.029517545175570148
All subjects,N232,Extinction,-0.028588113160993057,-0.025269303036520765,-0.031906923285465336
All subjects,N233,Extinction,-0.04206521165111515,0.005118991189949823,-0.0892494144921801
All subjects,N234,Extinction,-0.008838834764831844,-0.017677669529663688,0.0
All subjects,N235,Extinction,-0.01976423537605237,-0.01976423537605237,-0.01976423537605237
All subjects,N236,Extinction,-0.029315098498896436,-0.029315098498896436,-0.029315098498896436
All subjects,N237,Extinction,0.009858413845850317,0.017333699182856405,0.002383128508844229
All subjects,N238,Extinction,-0.0043129235075467145,0.010739069715943655,-0.019364916731037084
All subjects,N240,Extinction,0.05796511813740372,0.04514075459075366,0.07078948168405384
All subjects,N241,Extinction,0.02743222694354841,0.03793910582236487,0.01692534806473195
All subjects,N242,Extinction,-0.009905216202795858,-0.0008532437954628241,-0.018957188610128878
All subjects,N243,Extinction,0.023314620622878993,0.019626442396021668,0.027002798849736304
All subjects,N244,Extinction,-0.008432407682825271,-0.006657978173945339,-0.010206837191705204
All subjects,N246,Extinction,-0.03883444870624442,-0.008615917823676739,-0.0690529795888121
All subjects,N247,Extinction,-0.03820254489164543,-0.047134455604959796,-0.029270634178331034
All subjects,N248,Extinction,-0.039626993010165285,-0.020906040557307257,-0.05834794546302331
All subjects,N249,Extinction,-0.010326353428762813,-0.0004064162743189492,-0.02024629058320669
All subjects,N250,Extinction,0.01873956883188694,0.01936491673103708,0.018114220932736798
All subjects,N251,Extinction,0.005048492169020508,0.008097884649336418,0.0019990996887045698
All subjects,N252,Extinction,0.2562991321322333,0.30283886718239506,0.2097593970820717
All subjects,N253,Extinction,0.016630209279947045,0.0268375605817279,0.0064228579781661355
All subjects,N254,Extinction,0.011325559827914111,0.028102749963498125,-0.005451630307669875
All subjects,N255,Extinction,0.006302627416661599,0.004152321106711598,0.0084529337266116
All subjects,N257,Extinction,-0.003435976489518988,-0.002824693618722257,-0.004047259360315747
All subjects,N258,Extinction,0.0017881691487321438,0.0019794851694555637,0.001596853128008724
All subjects,N259,Extinction,-0.00216635865521711,-0.0009521757761414285,-0.0033805415342927914
All subjects,N260,Extinction,0.03979639363837245,0.00526189980725289,0.07433088746949199
All subjects,N101,Reinstatement,0.01039026927101469,0.002135580822146016,0.01864495771988331
All subjects,N103,Reinstatement,0.018850447852730934,0.0,0.03770089570546181
All subjects,N104,Reinstatement,-0.024150080211599784,-0.02255855460583167,-0.025741605817367896
All subjects,N105,Reinstatement,-0.019901708323004114,-0.03156444979199391,-0.00823896685401429
All subjects,N106,Reinstatement,0.004976415210387386,0.015167194586827915,-0.005214364166053143
All subjects,N108,Reinstatement,0.044319271365819875,0.0011746791754066455,0.08746386355623309
All subjects,N109,Reinstatement,0.040623490189349076,0.04304569285036128,0.038201287528336875
All subjects,N110,Reinstatement,0.07546172273536439,0.04320630380363156,0.10771714166709723
All subjects,N111,Reinstatement,0.1331983967901048,0.027157187567487195,0.23923960601272237
All subjects,N112,Reinstatement,-0.0032531222583020436,-0.0038877437394992664,-0.0026185007771048485
All subjects,N113,Reinstatement,-0.03590038503760157,-0.04678188963562485,-0.02501888043957823
All subjects,N114,Reinstatement,0.07677103782977934,0.09816552872145234,0.055376546938106334
All subjects,N115,Reinstatement,-0.005908017796954448,-0.001797627450623368,-0.010018408143285515
All subjects,N117,Reinstatement,-0.04934481178526383,-0.0471147340100692,-0.05157488956045846
All subjects,N118,Reinstatement,0.009656613776880735,0.026885359719724528,-0.007572132165963058
All subjects,N121,Reinstatement,0.02542710813755794,-0.0013810294728456296,0.05223524574796151
All subjects,N122,Reinstatement,-0.09913646370949475,-0.15800004704541054,-0.040272880373578984
All subjects,N123,Reinstatement,0.04687984027775849,0.037685001476353674,0.0560746790791633
All subjects,N124,Reinstatement,0.0564822796877206,0.07942353971294433,0.033541019662496854
All subjects,N125,Reinstatement,0.003093143521769884,-0.005082827495033193,0.011269114538572933
All subjects,N127,Reinstatement,0.11683781304775614,0.12848628397748593,0.10518934211802636
All subjects,N128,Reinstatement,-0.02866930312776378,-0.10962728921372386,0.0522886829581963
All subjects,N129,Reinstatement,-0.015334647338750784,-0.008178078043774628,-0.02249121663372694
All subjects,N130,Reinstatement,0.004208338563895853,0.004534433998669624,0.0038822431291221093
All subjects,N131,Reinstatement,0.10580967678618589,0.11458896728615284,0.09703038628621893
All subjects,N132,Reinstatement,-0.0034857813913820035,-0.04610881764830853,0.039137254865544535
All subjects,N133,Reinstatement,-0.03435814910142007,-0.0376683466360318,-0.031047951566808285
All subjects,N134,Reinstatement,0.021648301093712748,0.04073756402649511,0.0025590381609303797
All subjects,N135,Reinstatement,-0.03297010805111303,-0.026216727636362527,-0.03972348846586353
All subjects,N136,Reinstatement,-0.02181521317170712,-0.02059618396305224,-0.023034242380361974
All subjects,N137,Reinstatement,-0.026374615155309616,-0.021180646073094084,-0.03156858423752515
All subjects,N138,Reinstatement,0.03372662189266007,0.04933940541557813,0.018113838369741952
All subjects,N141,Reinstatement,0.12401200986029136,0.1904256739375516,0.057598345783031135
All subjects,N142,Reinstatement,0.006114082474337479,0.0046060770330594025,0.007622087915615555
All subjects,N143,Reinstatement,-0.0075962732779517594,0.05317421353013918,-0.06836676008604264
All subjects,N144,Reinstatement,-2.1597997817562886e-05,-0.020593026799526626,0.0205498308038915
All subjects,N145,Reinstatement,0.01639962696519426,0.0065338282952467075,0.02626542563514178
All subjects,N146,Reinstatement,0.015195945173999137,0.01966237340258495,0.010729516945413353
All subjects,N147,Reinstatement,0.031454848534905405,0.04090117599273706,0.02200852107707376
All subjects,N148,Reinstatement,0.008140158140248127,-0.009847890656970809,0.026128206937467036
All subjects,N149,Reinstatement,0.01801091691469564,0.0037643790991204185,0.03225745473027089
All subjects,N150,Reinstatement,0.007822332015607503,-0.0073124738132386465,0.02295713784445365
All subjects,N151,Reinstatement,0.0573569362989625,0.06624531479051207,0.04846855780741289
All subjects,N153,Reinstatement,0.00119550808149263,0.03936460003322634,-0.03697358387024108
All subjects,N154,Reinstatement,-0.018918511523691922,-0.010615403744161894,-0.027221619303222006
All subjects,N155,Reinstatement,-0.008830147891144613,0.0008081013870837317,-0.018468397169372985
All subjects,N156,Reinstatement,-0.03146664030820301,-0.04226738488482476,-0.020665895731581257
All subjects,N157,Reinstatement,0.10923730073761606,0.08087299666381975,0.13760160481141237
All subjects,N158,Reinstatement,0.039091991901191,0.02835944048177169,0.049824543320610426
All subjects,N201,Reinstatement,0.001957427362590025,0.05517424072126767,-0.05125938599608766
All subjects,N202,Reinstatement,0.05311551287544289,0.05591584237904074,0.05031518337184504
All subjects,N203,Reinstatement,0.0,0.0,0.0
All subjects,N204,Reinstatement,-0.009275386167904954,-0.018114220932736798,-0.0004365514030731099
All subjects,N206,Reinstatement,-0.03088919932151206,0.008932279475630633,-0.07071067811865475
All subjects,N207,Reinstatement,0.00021827570153655496,-0.017677669529663688,0.018114220932736798
All subjects,N209,Reinstatement,0.0023536845081557067,0.009737077142378911,-0.0050297081260674975
All subjects,N210,Reinstatement,0.10972510548208506,0.060762116073277556,0.1586880948908925
All subjects,N211,Reinstatement,-0.01104374492261423,0.0009628380406292436,-0.023050327885857647
All subjects,N212,Reinstatement,0.057054964847886885,0.06254673304502331,0.051563196650750515
All subjects,N213,Reinstatement,0.026240955226535606,0.04847145979802822,0.004010450655042963
All subjects,N214,Reinstatement,-0.051639517318073425,-0.013130253126264313,-0.09014878150988256
All subjects,N215,Reinstatement,-0.007172169601483008,-0.010828695031367103,-0.0035156441715988584
All subjects,N216,Reinstatement,0.027497355954665847,-0.018579986740244525,0.07357469864957611
All subjects,N217,Reinstatement,0.007865889385578723,0.009164326875832629,0.0065674518953247885
All subjects,N219,Reinstatement,0.0022340512593721495,0.009800923967668657,-0.00533282144892433
All subjects,N220,Reinstatement,0.09130508288097952,0.05666548367034918,0.1259446820916098
All subjects,N221,Reinstatement,0.08644868769602355,0.09631959843999617,0.07657777695205092
All subjects,N222,Reinstatement,-0.021273035576510224,-0.03574670383603779,-0.006799367316982649
All subjects,N224,Reinstatement,0.06736555309756943,0.07746022171973693,0.05727088447540192
All subjects,N225,Reinstatement,9.371116354545128e-05,0.013142229009091427,-0.012954806682000497
All subjects,N226,Reinstatement,-0.07673704261851771,-0.08579061748423317,-0.06768346775280226
All subjects,N227,Reinstatement,-0.0049517053368759445,-0.030373368775944154,0.02046995810219232
All subjects,N228,Reinstatement,-0.0012621577212990343,0.00483760480006204,-0.007361920242660108
All subjects,N230,Reinstatement,0.024543466721829728,0.04318060522814061,0.005906328215518862
All subjects,N231,Reinstatement,0.07193260169982574,0.0733040484515814,0.07056115494807014
All subjects,N232,Reinstatement,0.016402431387216115,0.012349270812341578,0.020455591962090625
All subjects,N233,Reinstatement,0.0826039815440952,0.12622479080352195,0.038983172284668466
All subjects,N234,Reinstatement,0.0,0.0,0.0
All subjects,N235,Reinstatement,-0.017679068080172965,-0.0068537505328674815,-0.028504385627478448
All subjects,N236,Reinstatement,-0.0679433399926042,-0.1013024358861864,-0.034584244099022
All subjects,N237,Reinstatement,-0.0005057355764903071,-0.0035422296110998452,0.002530758458119231
All subjects,N238,Reinstatement,-0.028171656796846484,-0.018901408687976906,-0.03744190490571606
All subjects,N240,Reinstatement,-0.01003003578035433,0.008340834993149054,-0.028400906553857713
All subjects,N241,Reinstatement,0.019958211362254313,0.01957821465171758,0.020338208072790992
All subjects,N242,Reinstatement,0.04758787131429478,0.037497684827868034,0.05767805780072153
All subjects,N243,Reinstatement,-0.03990793757524458,-0.016136870993318037,-0.06367900415717115
All subjects,N244,Reinstatement,0.10436787327080688,0.08077579166038856,0.1279599548812252
All subjects,N246,Reinstatement,-0.04631469997633489,-0.054518958699299944,-0.038110441253369834
All subjects,N247,Reinstatement,0.015998240810807335,-0.023781638852022252,0.05577812047363692
All subjects,N248,Reinstatement,0.03949999640580759,0.04953311720166237,0.029466875609952814
All subjects,N249,Reinstatement,0.06451519102221365,0.0653115222440776,0.06371885980034969
All subjects,N250,Reinstatement,0.016582442227070573,0.0038188231876587625,0.029346061266482357
All subjects,N251,Reinstatement,-0.049795362339234206,-0.10650510548605374,0.00691438080758533
All subjects,N252,Reinstatement,-0.021838484367779187,-0.0034474884148507634,-0.0402294803207075
All subjects,N253,Reinstatement,0.041896101588587364,0.01071425078757765,0.07307795238959713
All subjects,N254,Reinstatement,-0.030823849660323865,0.030956908920747428,-0.09260460824139516
All subjects,N255,Reinstatement,0.0054373037164069105,0.003476390963029957,0.007398216469783864
All subjects,N257,Reinstatement,0.00023473591532330307,0.0070425589635932095,-0.006573087132946603
All subjects,N258,Reinstatement,-0.0023080229228565896,-0.0036264128073035806,-0.0009896330384096541
All subjects,N259,Reinstatement,-3.2408729129240754e-05,-0.007918180349898107,0.007853362891639626
All subjects,N260,Reinstatement,-0.020771997869264952,0.028395559628347916,-0.06993955536687779
Physiological responders,N101,Acquisition,0.04163221330370784,0.07941853639818341,0.0038458902092322646
Physiological responders,N103,Acquisition,0.010143221577095185,-0.011383416465740537,0.03166985961993091
Physiological responders,N108,Acquisition,0.023041372062208826,-0.012821035293444905,0.05890377941786255
Physiological responders,N109,Acquisition,0.02095008318365607,0.02883230070328248,0.013067865664029676
Physiological responders,N110,Acquisition,-0.0027583026954343948,-0.030002126562266307,0.024485521171397545
Physiological responders,N111,Acquisition,0.02542189219271873,0.051816371282160156,-0.0009725868967226381
Physiological responders,N113,Acquisition,0.04253606688624616,0.03112474899497183,0.05394738477752049
Physiological responders,N114,Acquisition,0.12036085338749075,0.13082364990910822,0.10989805686587323
Physiological responders,N115,Acquisition,0.05385863295583808,0.054916952665160355,0.052800313246515816
Physiological responders,N118,Acquisition,0.030405994373845988,-0.006292322646748158,0.06710431139444015
Physiological responders,N120,Acquisition,0.04078026388942271,0.06073921984596389,0.02082130793288155
Physiological responders,N122,Acquisition,0.06328584898898065,0.04362875455191159,0.08294294342604974
Physiological responders,N124,Acquisition,0.019719379504845258,0.022511041168803925,0.01692771784088659
Physiological responders,N129,Acquisition,0.09292850955267762,0.051946054991511614,0.13391096411384373
Physiological responders,N130,Acquisition,0.008994482030104549,0.06126614449855888,-0.043277180438349785
Physiological responders,N136,Acquisition,-0.058221240165334726,-0.0909988514462339,-0.025443628884435576
Physiological responders,N138,Acquisition,0.0506891734252396,0.01176257699210248,0.08961576985837671
Physiological responders,N141,Acquisition,-0.048970788063884246,-0.04548322732065363,-0.05245834880711489
Physiological responders,N143,Acquisition,-0.0408399410594229,-0.0032526322377943173,-0.07842724988105154
Physiological responders,N144,Acquisition,-0.005198962487756448,-0.09799954668296045,0.08760162170744754
Physiological responders,N148,Acquisition,0.03260743233163191,0.12515059456269004,-0.05993572989942621
Physiological responders,N150,Acquisition,-0.00010515363967248531,-0.010576737799808732,0.010366430520463765
Physiological responders,N151,Acquisition,0.0677388378956674,0.05541490579074665,0.08006277000058815
Physiological responders,N153,Acquisition,-0.08121069012515561,-0.09244747027116093,-0.06997390997915028
Physiological responders,N156,Acquisition,0.018668156212916634,0.02115982772957415,0.01617648469625911
Physiological responders,N157,Acquisition,0.25795342724450704,0.35908328416192337,0.1568235703270907
Physiological responders,N158,Acquisition,0.013220039600255529,0.09035889624388838,-0.06391881704337732
Physiological responders,N201,Acquisition,-0.04851851195221363,-0.036729535814657044,-0.060307488089770156
Physiological responders,N202,Acquisition,0.01863370063261449,0.005311848001375574,0.03195555326385341
Physiological responders,N208,Acquisition,0.11189306300488674,0.1588525128400593,0.06493361316971419
Physiological responders,N209,Acquisition,0.03991272666933851,0.027144290849972864,0.05268116248870416
Physiological responders,N210,Acquisition,0.0533171126420352,0.09542685627269215,0.011207369011378143
Physiological responders,N212,Acquisition,0.06732468643809411,0.1099421135740726,0.024707259302115578
Physiological responders,N213,Acquisition,-0.025103235193896706,-0.0380160096443275,-0.012190460743465914
Physiological responders,N214,Acquisition,0.0746427323138868,0.07419664405196119,0.0750888205758124
Physiological responders,N215,Acquisition,-0.004763262321720918,0.007790212199884683,-0.01731673684332649
Physiological responders,N216,Acquisition,0.0024551081586527967,0.053676131232918145,-0.04876591491561255
Physiological responders,N217,Acquisition,0.00032057425253164545,0.005193279763442624,-0.004552131258379326
Physiological responders,N222,Acquisition,-0.03400633115458329,-0.056976483611007656,-0.011036178698158927
Physiological responders,N225,Acquisition,-0.001145346814131809,-0.011318844757258917,0.009028151128995243
Physiological responders,N227,Acquisition,0.18810166683790547,0.2242615551313794,0.15194177854443147
Physiological responders,N230,Acquisition,0.23930814558498276,0.2222413143250257,0.2563749768449397
Physiological responders,N231,Acquisition,-0.021860346584524237,-0.012001551315635323,-0.03171914185341315
Physiological responders,N232,Acquisition,0.10797175864426639,0.11195274177709902,0.10399077551143368
Physiological responders,N233,Acquisition,0.005052425976113439,0.0031247719747209413,0.0069800799775059374
Physiological responders,N234,Acquisition,-0.0005760296958253475,0.0027642605802625786,-0.0039163199719132735
Physiological responders,N236,Acquisition,0.16627011802373526,0.11888983920788065,0.21365039683958986
Physiological responders,N240,Acquisition,0.05728721952013362,0.08835421783601345,0.02622022120425379
Physiological responders,N243,Acquisition,0.01963736284000997,0.03848013298083676,0.0007945926991831664
Physiological responders,N244,Acquisition,0.024070126316053223,0.049170300875930495,-0.00103004824382405
Physiological responders,N247,Acquisition,-0.021553098226667344,0.013324593663739115,-0.056430790117073824
Physiological responders,N248,Acquisition,0.00018444700034794814,0.0015372260163831197,-0.0011683320156871957
Physiological responders,N251,Acquisition,-0.021773755637246206,0.03516654068119135,-0.0787140519556837
Physiological responders,N252,Acquisition,0.12787128765906836,0.0015826196178524432,0.2541599557002843
Physiological responders,N253,Acquisition,0.05417418921815351,0.07962046915770363,0.02872790927860333
Physiological responders,N254,Acquisition,-0.020743469289165997,0.029206264640617832,-0.07069320321894983
Physiological responders,N257,Acquisition,0.011204121981251869,0.00917655391932759,0.013231690043176147
Physiological responders,N258,Acquisition,-0.008872747825160593,-0.003868946568187398,-0.013876549082133788
Physiological responders,N260,Acquisition,0.01635314801787241,0.024238169178444235,0.008468126857300584
Physiological responders,N101,Extinction,0.005018140358387879,-0.00766199260323619,0.017698273320011948
Physiological responders,N103,Extinction,-0.036800388077869894,0.0,-0.07360077615573979
Physiological responders,N108,Extinction,-0.03202280159715351,0.01624033819957449,-0.08028594139388151
Physiological responders,N109,Extinction,0.049689934383914836,-0.028994714877417338,0.12837458364524706
Physiological responders,N110,Extinction,-0.0070343030509596866,0.003609063427744315,-0.017677669529663688
Physiological responders,N111,Extinction,0.04798606323716653,0.04190142163704155,0.05407070483729154
Physiological responders,N113,Extinction,0.03291665708208566,0.034374862390512656,0.03145845177365866
Physiological responders,N114,Extinction,-0.03513367330638799,-0.03513367330638799,-0.03513367330638799
Physiological responders,N115,Extinction,0.05431731911576257,0.05560162964253408,0.05303300858899106
Physiological responders,N118,Extinction,-0.08488018119300367,-0.08585793574298345,-0.08390242664302389
Physiological responders,N122,Extinction,0.02459240817058339,0.027000904591935826,0.0221839117492309
Physiological responders,N124,Extinction,-0.08427035285510945,-0.07231288143475148,-0.09622782427546739
Physiological responders,N129,Extinction,-0.18657085551990277,-0.2530454370482494,-0.12009627399155615
Physiological responders,N130,Extinction,-0.01060148447148515,-0.011320565531712234,-0.009882403411258067
Physiological responders,N136,Extinction,0.0007087855777390129,0.0016258143432857641,-0.00020824318780779394
Physiological responders,N138,Extinction,0.04250165220445967,0.04137636002625411,0.04362694438266529
Physiological responders,N141,Extinction,0.009730933723210072,0.01749967604957592,0.00196219139684424
Physiological responders,N143,Extinction,0.025979693432558973,0.08019374766047517,-0.028234360795357308
Physiological responders,N144,Extinction,0.01102919716795392,0.012384966233586425,0.009673428102321413
Physiological responders,N148,Extinction,-0.0004592340901789643,-0.0004448224490965075,-0.0004736457312614073
Physiological responders,N150,Extinction,0.03455937938481156,0.033705324616011806,0.03541343415361131
Physiological responders,N151,Extinction,-0.026734779996032076,-0.0185507723358099,-0.03491878765625426
Physiological responders,N153,Extinction,-0.04838943558754849,-0.02863457990268309,-0.06814429127241389
Physiological responders,N156,Extinction,-0.05355250288607161,-0.004857270959142512,-0.10224773481300067
Physiological responders,N157,Extinction,-0.11990423269972342,-0.10879978640499921,-0.13100867899444762
Physiological responders,N158,Extinction,-0.02687234313238257,-0.043959000282749155,-0.009785685982015985
Physiological responders,N201,Extinction,0.10866930031957606,0.1134647623866927,0.10387383825245944
Physiological responders,N202,Extinction,0.004424286471570754,-0.06593564787194264,0.07478422081508418
Physiological responders,N209,Extinction,-0.008838834764831844,0.0,-0.017677669529663688
Physiological responders,N210,Extinction,0.016384762570132785,-0.007299966095939789,0.04006949123620537
Physiological responders,N212,Extinction,0.030399360404168962,0.011325109144915885,0.04947361166342201
Physiological responders,N213,Extinction,-0.048352912992551844,-0.03568598816659102,-0.06101983781851272
Physiological responders,N214,Extinction,0.06807771867669654,0.12381731078974217,0.012338126563650964
Physiological responders,N215,Extinction,-0.017234548131367766,-0.016524503450980804,-0.0179445928117547
Physiological responders,N216,Extinction,0.02397524641219606,0.05718206042174234,-0.009231567597350165
Physiological responders,N217,Extinction,-0.10356349572964979,-0.11655594581155626,-0.09057104564774332
Physiological responders,N222,Extinction,0.019664152312137327,0.021650635094610966,0.017677669529663688
Physiological responders,N225,Extinction,-0.03156132235693618,-0.04225260414885409,-0.020870040565018275
Physiological responders,N227,Extinction,0.07014807203116297,0.12301165851790741,0.017284485544418526
Physiological responders,N230,Extinction,0.003960920689511205,0.0032388311336882004,0.004683010245334209
Physiological responders,N231,Extinction,0.011225903931812359,0.05196935303919489,-0.029517545175570148
Physiological responders,N232,Extinction,-0.028588113160993057,-0.025269303036520765,-0.031906923285465336
Physiological responders,N233,Extinction,-0.04206521165111515,0.005118991189949823,-0.0892494144921801
Physiological responders,N234,Extinction,-0.008838834764831844,-0.017677669529663688,0.0
Physiological responders,N236,Extinction,-0.029315098498896436,-0.029315098498896436,-0.029315098498896436
Physiological responders,N240,Extinction,0.05796511813740372,0.04514075459075366,0.07078948168405384
Physiological responders,N243,Extinction,0.023314620622878993,0.019626442396021668,0.027002798849736304
Physiological responders,N244,Extinction,-0.008432407682825271,-0.006657978173945339,-0.010206837191705204
Physiological responders,N247,Extinction,-0.03820254489164543,-0.047134455604959796,-0.029270634178331034
Physiological responders,N248,Extinction,-0.039626993010165285,-0.020906040557307257,-0.05834794546302331
Physiological responders,N251,Extinction,0.005048492169020508,0.008097884649336418,0.0019990996887045698
Physiological responders,N252,Extinction,0.2562991321322333,0.30283886718239506,0.2097593970820717
Physiological responders,N253,Extinction,0.016630209279947045,0.0268375605817279,0.0064228579781661355
Physiological responders,N254,Extinction,0.011325559827914111,0.028102749963498125,-0.005451630307669875
Physiological responders,N257,Extinction,-0.003435976489518988,-0.002824693618722257,-0.004047259360315747
Physiological responders,N258,Extinction,0.0017881691487321438,0.0019794851694555637,0.001596853128008724
Physiological responders,N260,Extinction,0.03979639363837245,0.00526189980725289,0.07433088746949199
Physiological responders,N101,Reinstatement,0.01039026927101469,0.002135580822146016,0.01864495771988331
Physiological responders,N103,Reinstatement,0.018850447852730934,0.0,0.03770089570546181
Physiological responders,N108,Reinstatement,0.044319271365819875,0.0011746791754066455,0.08746386355623309
Physiological responders,N109,Reinstatement,0.040623490189349076,0.04304569285036128,0.038201287528336875
Physiological responders,N110,Reinstatement,0.07546172273536439,0.04320630380363156,0.10771714166709723
Physiological responders,N111,Reinstatement,0.1331983967901048,0.027157187567487195,0.23923960601272237
Physiological responders,N113,Reinstatement,-0.03590038503760157,-0.04678188963562485,-0.02501888043957823
Physiological responders,N114,Reinstatement,0.07677103782977934,0.09816552872145234,0.055376546938106334
Physiological responders,N115,Reinstatement,-0.005908017796954448,-0.001797627450623368,-0.010018408143285515
Physiological responders,N118,Reinstatement,0.009656613776880735,0.026885359719724528,-0.007572132165963058
Physiological responders,N122,Reinstatement,-0.09913646370949475,-0.15800004704541054,-0.040272880373578984
Physiological responders,N124,Reinstatement,0.0564822796877206,0.07942353971294433,0.033541019662496854
Physiological responders,N129,Reinstatement,-0.015334647338750784,-0.008178078043774628,-0.02249121663372694
Physiological responders,N130,Reinstatement,0.004208338563895853,0.004534433998669624,0.0038822431291221093
Physiological responders,N136,Reinstatement,-0.02181521317170712,-0.02059618396305224,-0.023034242380361974
Physiological responders,N138,Reinstatement,0.03372662189266007,0.04933940541557813,0.018113838369741952
Physiological responders,N141,Reinstatement,0.12401200986029136,0.1904256739375516,0.057598345783031135
Physiological responders,N143,Reinstatement,-0.0075962732779517594,0.05317421353013918,-0.06836676008604264
Physiological responders,N144,Reinstatement,-2.1597997817562886e-05,-0.020593026799526626,0.0205498308038915
Physiological responders,N148,Reinstatement,0.008140158140248127,-0.009847890656970809,0.026128206937467036
Physiological responders,N150,Reinstatement,0.007822332015607503,-0.0073124738132386465,0.02295713784445365
Physiological responders,N151,Reinstatement,0.0573569362989625,0.06624531479051207,0.04846855780741289
Physiological responders,N153,Reinstatement,0.00119550808149263,0.03936460003322634,-0.03697358387024108
Physiological responders,N156,Reinstatement,-0.03146664030820301,-0.04226738488482476,-0.020665895731581257
Physiological responders,N157,Reinstatement,0.10923730073761606,0.08087299666381975,0.13760160481141237
Physiological responders,N158,Reinstatement,0.039091991901191,0.02835944048177169,0.049824543320610426
Physiological responders,N201,Reinstatement,0.001957427362590025,0.05517424072126767,-0.05125938599608766
Physiological responders,N202,Reinstatement,0.05311551287544289,0.05591584237904074,0.05031518337184504
Physiological responders,N209,Reinstatement,0.0023536845081557067,0.009737077142378911,-0.0050297081260674975
Physiological responders,N210,Reinstatement,0.10972510548208506,0.060762116073277556,0.1586880948908925
Physiological responders,N212,Reinstatement,0.057054964847886885,0.06254673304502331,0.051563196650750515
Physiological responders,N213,Reinstatement,0.026240955226535606,0.04847145979802822,0.004010450655042963
Physiological responders,N214,Reinstatement,-0.051639517318073425,-0.013130253126264313,-0.09014878150988256
Physiological responders,N215,Reinstatement,-0.007172169601483008,-0.010828695031367103,-0.0035156441715988584
Physiological responders,N216,Reinstatement,0.027497355954665847,-0.018579986740244525,0.07357469864957611
Physiological responders,N217,Reinstatement,0.007865889385578723,0.009164326875832629,0.0065674518953247885
Physiological responders,N222,Reinstatement,-0.021273035576510224,-0.03574670383603779,-0.006799367316982649
Physiological responders,N225,Reinstatement,9.371116354545128e-05,0.013142229009091427,-0.012954806682000497
Physiological responders,N227,Reinstatement,-0.0049517053368759445,-0.030373368775944154,0.02046995810219232
Physiological responders,N230,Reinstatement,0.024543466721829728,0.04318060522814061,0.005906328215518862
Physiological responders,N231,Reinstatement,0.07193260169982574,0.0733040484515814,0.07056115494807014
Physiological responders,N232,Reinstatement,0.016402431387216115,0.012349270812341578,0.020455591962090625
Physiological responders,N233,Reinstatement,0.0826039815440952,0.12622479080352195,0.038983172284668466
Physiological responders,N234,Reinstatement,0.0,0.0,0.0
Physiological responders,N236,Reinstatement,-0.0679433399926042,-0.1013024358861864,-0.034584244099022
Physiological responders,N240,Reinstatement,-0.01003003578035433,0.008340834993149054,-0.028400906553857713
Physiological responders,N243,Reinstatement,-0.03990793757524458,-0.016136870993318037,-0.06367900415717115
Physiological responders,N244,Reinstatement,0.10436787327080688,0.08077579166038856,0.1279599548812252
Physiological responders,N247,Reinstatement,0.015998240810807335,-0.023781638852022252,0.05577812047363692
Physiological responders,N248,Reinstatement,0.03949999640580759,0.04953311720166237,0.029466875609952814
Physiological responders,N251,Reinstatement,-0.049795362339234206,-0.10650510548605374,0.00691438080758533
Physiological responders,N252,Reinstatement,-0.021838484367779187,-0.0034474884148507634,-0.0402294803207075
Physiological responders,N253,Reinstatement,0.041896101588587364,0.01071425078757765,0.07307795238959713
Physiological responders,N254,Reinstatement,-0.030823849660323865,0.030956908920747428,-0.09260460824139516
Physiological responders,N257,Reinstatement,0.00023473591532330307,0.0070425589635932095,-0.006573087132946603
Physiological responders,N258,Reinstatement,-0.0023080229228565896,-0.0036264128073035806,-0.0009896330384096541
Physiological responders,N260,Reinstatement,-0.020771997869264952,0.028395559628347916,-0.06993955536687779
Late-phase learners,N103,Acquisition,0.010143221577095185,-0.011383416465740537,0.03166985961993091
Late-phase learners,N110,Acquisition,-0.0027583026954343948,-0.030002126562266307,0.024485521171397545
Late-phase learners,N124,Acquisition,0.019719379504845258,0.022511041168803925,0.01692771784088659
Late-phase learners,N129,Acquisition,0.09292850955267762,0.051946054991511614,0.13391096411384373
Late-phase learners,N130,Acquisition,0.008994482030104549,0.06126614449855888,-0.043277180438349785
Late-phase learners,N148,Acquisition,0.03260743233163191,0.12515059456269004,-0.05993572989942621
Late-phase learners,N202,Acquisition,0.01863370063261449,0.005311848001375574,0.03195555326385341
Late-phase learners,N210,Acquisition,0.0533171126420352,0.09542685627269215,0.011207369011378143
Late-phase learners,N214,Acquisition,0.0746427323138868,0.07419664405196119,0.0750888205758124
Late-phase learners,N216,Acquisition,0.0024551081586527967,0.053676131232918145,-0.04876591491561255
Late-phase learners,N230,Acquisition,0.23930814558498276,0.2222413143250257,0.2563749768449397
Late-phase learners,N233,Acquisition,0.005052425976113439,0.0031247719747209413,0.0069800799775059374
Late-phase learners,N234,Acquisition,-0.0005760296958253475,0.0027642605802625786,-0.0039163199719132735
Late-phase learners,N251,Acquisition,-0.021773755637246206,0.03516654068119135,-0.0787140519556837
Late-phase learners,N253,Acquisition,0.05417418921815351,0.07962046915770363,0.02872790927860333
Late-phase learners,N254,Acquisition,-0.020743469289165997,0.029206264640617832,-0.07069320321894983
Late-phase learners,N260,Acquisition,0.01635314801787241,0.024238169178444235,0.008468126857300584
Late-phase learners,N103,Extinction,-0.036800388077869894,0.0,-0.07360077615573979
Late-phase learners,N110,Extinction,-0.0070343030509596866,0.003609063427744315,-0.017677669529663688
Late-phase learners,N124,Extinction,-0.08427035285510945,-0.07231288143475148,-0.09622782427546739
Late-phase learners,N129,Extinction,-0.18657085551990277,-0.2530454370482494,-0.12009627399155615
Late-phase learners,N130,Extinction,-0.01060148447148515,-0.011320565531712234,-0.009882403411258067
Late-phase learners,N148,Extinction,-0.0004592340901789643,-0.0004448224490965075,-0.0004736457312614073
Late-phase learners,N202,Extinction,0.004424286471570754,-0.06593564787194264,0.07478422081508418
Late-phase learners,N210,Extinction,0.016384762570132785,-0.007299966095939789,0.04006949123620537
Late-phase learners,N214,Extinction,0.06807771867669654,0.12381731078974217,0.012338126563650964
Late-phase learners,N216,Extinction,0.02397524641219606,0.05718206042174234,-0.009231567597350165
Late-phase learners,N230,Extinction,0.003960920689511205,0.0032388311336882004,0.004683010245334209
Late-phase learners,N233,Extinction,-0.04206521165111515,0.005118991189949823,-0.0892494144921801
Late-phase learners,N234,Extinction,-0.008838834764831844,-0.017677669529663688,0.0
Late-phase learners,N251,Extinction,0.005048492169020508,0.008097884649336418,0.0019990996887045698
Late-phase learners,N253,Extinction,0.016630209279947045,0.0268375605817279,0.0064228579781661355
Late-phase learners,N254,Extinction,0.011325559827914111,0.028102749963498125,-0.005451630307669875
Late-phase learners,N260,Extinction,0.03979639363837245,0.00526189980725289,0.07433088746949199
Late-phase learners,N103,Reinstatement,0.018850447852730934,0.0,0.03770089570546181
Late-phase learners,N110,Reinstatement,0.07546172273536439,0.04320630380363156,0.10771714166709723
Late-phase learners,N124,Reinstatement,0.0564822796877206,0.07942353971294433,0.033541019662496854
Late-phase learners,N129,Reinstatement,-0.015334647338750784,-0.008178078043774628,-0.02249121663372694
Late-phase learners,N130,Reinstatement,0.004208338563895853,0.004534433998669624,0.0038822431291221093
Late-phase learners,N148,Reinstatement,0.008140158140248127,-0.009847890656970809,0.026128206937467036
Late-phase learners,N202,Reinstatement,0.05311551287544289,0.05591584237904074,0.05031518337184504
Late-phase learners,N210,Reinstatement,0.10972510548208506,0.060762116073277556,0.1586880948908925
Late-phase learners,N214,Reinstatement,-0.051639517318073425,-0.013130253126264313,-0.09014878150988256
Late-phase learners,N216,Reinstatement,0.027497355954665847,-0.018579986740244525,0.07357469864957611
Late-phase learners,N230,Reinstatement,0.024543466721829728,0.04318060522814061,0.005906328215518862
Late-phase learners,N233,Reinstatement,0.0826039815440952,0.12622479080352195,0.038983172284668466
Late-phase learners,N234,Reinstatement,0.0,0.0,0.0
Late-phase learners,N251,Reinstatement,-0.049795362339234206,-0.10650510548605374,0.00691438080758533
Late-phase learners,N253,Reinstatement,0.041896101588587364,0.01071425078757765,0.07307795238959713
Late-phase learners,N254,Reinstatement,-0.030823849660323865,0.030956908920747428,-0.09260460824139516
Late-phase learners,N260,Reinstatement,-0.020771997869264952,0.028395559628347916,-0.06993955536687779
