phase,metric,summary,n_SAD,n_HC,mean_SAD,mean_HC,diff_SAD_minus_HC,cohens_d_SAD_minus_HC,hedges_g_SAD_minus_HC,t,p,q_within_phase_summary
phase2_extinction,CSR_CueThreatTarget_Proximity,auc_mean,23,28,0.028008577910208853,0.03208144916836744,-0.0040728712581585905,-0.03440267670480891,-0.03387340475550416,-0.13247473704559007,0.895390999720648,0.895390999720648
phase2_extinction,CSR_CueThreatTarget_Proximity,early_late_change,23,28,-0.01856675016079421,-0.03908556901601505,0.02051881885522084,0.15958782712983263,0.15713262978937367,0.5476298060369902,0.5871455589264782,0.8068897439574023
phase2_extinction,CSR_CueThreatTarget_Proximity,initial_final_change,23,28,0.0246294405795237,-0.04588871209419203,0.07051815267371572,0.25112252541656255,0.24725910194861545,0.9114810945851991,0.3665053765139924,0.7478128727676869
phase2_extinction,CSR_CueThreatTarget_Proximity,slope,23,28,-0.0002301646491525266,-0.007591433941609406,0.007361269292456879,0.22897488770929905,0.225452197129156,0.8102808386748118,0.4219258918879555,0.6578930402174715
phase2_extinction,CSR_to_CSminus_NonTarget_Distance,auc_mean,23,28,1.1378459162778618,1.1508617830126764,-0.013015866734814585,-0.22945543956781134,-0.2259253558821527,-0.8063300237904995,0.42432360081407805,0.7131211256304717
phase2_extinction,CSR_to_CSminus_NonTarget_Distance,early_late_change,23,28,-0.005345239960429479,-0.017293268760708465,0.011948028800278987,0.12203615377369205,0.12015867448486603,0.43234023213625206,0.6674920978513794,0.8068897439574023
phase2_extinction,CSR_to_CSminus_NonTarget_Distance,initial_final_change,23,28,0.00402911174086061,0.010324133565129226,-0.006295021824268616,-0.029606685543182396,-0.029151198073287282,-0.10961207184325185,0.9131871637701594,0.9131871637701594
phase2_extinction,CSR_to_CSminus_NonTarget_Distance,slope,23,28,0.0012527676292967917,-0.001715012194647203,0.002967779823943995,0.11735717719619826,0.1155516821624106,0.42635371452755166,0.6717184339386679,0.8060621207264015
phase2_extinction,CSR_to_HeldoutCSR_Distance,auc_mean,23,28,1.1098373383676527,1.1187803338443087,-0.008942995476656002,-0.1051442533563003,-0.10352664945851107,-0.39828291799062604,0.6925442282324035,0.8310530738788842
phase2_extinction,CSR_to_HeldoutCSR_Distance,early_late_change,23,28,0.0132215102003647,0.021792300255306585,-0.008570790054941886,-0.1329380511327067,-0.1308928503460497,-0.4634899144861408,0.6453717684042182,0.8068897439574023
phase2_extinction,CSR_to_HeldoutCSR_Distance,initial_final_change,23,28,-0.020600328838663088,0.056212845659321255,-0.07681317449798435,-0.4690599336788191,-0.4618436270068373,-1.7132301240228571,0.09303173670157018,0.5581904202094211
phase2_extinction,CSR_to_HeldoutCSR_Distance,slope,23,28,0.0014829322784493187,0.005876421746962203,-0.004393489468512884,-0.26096847031580905,-0.2569535707724889,-0.9301169096064572,0.357003768477542,0.6578930402174715
phase2_extinction,CSS_SafetyTarget_Proximity,auc_mean,23,28,0.013832458390515494,0.04259348269202099,-0.028761024301505497,-0.2937784814022865,-0.28925881245763596,-1.0946758337204963,0.2794711320700429,0.7131211256304717
phase2_extinction,CSS_SafetyTarget_Proximity,early_late_change,23,28,-0.04962700355613661,-0.03290029322639969,-0.016726710329736924,-0.11644311032100865,-0.1146516778545316,-0.42541688019722396,0.672408119964502,0.8068897439574023
phase2_extinction,CSS_SafetyTarget_Proximity,initial_final_change,23,28,-0.022896737513941917,0.015106178815408183,-0.0380029163293501,-0.14733337523395715,-0.14506670792266552,-0.5262576103644028,0.6011361812043272,0.9017042718064908
phase2_extinction,CSS_SafetyTarget_Proximity,slope,23,28,-0.011115058578414647,-0.00434917006259087,-0.006765888515823776,-0.21284062825383274,-0.20956615704992762,-0.7810460599897421,0.438595360144981,0.6578930402174715
phase2_extinction,CSS_to_CSR_NonTarget_Distance,auc_mean,23,28,1.142664474747339,1.1591426218750585,-0.016478147127719556,-0.33053679431766947,-0.32545161286662844,-1.1907160435791162,0.2395244571969204,0.7131211256304717
phase2_extinction,CSS_to_CSR_NonTarget_Distance,early_late_change,23,28,-0.02277962628417745,-0.021200327570154807,-0.001579298714022643,-0.01707170577373486,-0.01680906414644663,-0.06006020403840533,0.952373866877769,0.952373866877769
phase2_extinction,CSS_to_CSR_NonTarget_Distance,initial_final_change,23,28,0.0072598928601475855,-0.005281461138202929,0.012541353998350515,0.06442976524980751,0.06343853809211816,0.2181461667335326,0.8286139431782497,0.9131871637701594
phase2_extinction,CSS_to_CSR_NonTarget_Distance,slope,23,28,-0.0038366527681150384,-0.003155696032629607,-0.0006809567354854316,-0.030695028797812364,-0.03022279758553833,-0.10721878661898425,0.9151126603553008,0.9151126603553008
phase2_extinction,CSS_to_CSminus_Distance,auc_mean,23,28,1.1288320163568235,1.1165491391830373,0.012282877173786177,0.19481942424369403,0.19182220233225258,0.7194484665800485,0.4754140837536478,0.7131211256304717
phase2_extinction,CSS_to_CSminus_Distance,early_late_change,23,28,0.02684737727195911,0.011699965656244862,0.015147411615714248,0.16947609236699082,0.16686876786903712,0.6159506141982368,0.5407802058520221,0.8068897439574023
phase2_extinction,CSS_to_CSminus_Distance,initial_final_change,23,28,0.030156630374089503,-0.020387639953611113,0.05054427032770062,0.2619392339408837,0.2579093995725624,0.8996890815254582,0.37390643638384347,0.7478128727676869
phase2_extinction,CSS_to_CSminus_Distance,slope,23,28,0.007278405810299606,0.0011934740299612632,0.006084931780338343,0.29452024817905864,0.28998916743784237,1.042163127702698,0.30275127399036517,0.6578930402174715
phase3_reinstatement,CSR_CueThreatTarget_Proximity,auc_mean,22,28,-0.00034153370620864515,0.008785865050107498,-0.009127398756316144,-0.22118458394092524,-0.21771048052824057,-0.8669903346586555,0.39270155556476316,0.9554300510798217
phase3_reinstatement,CSR_CueThreatTarget_Proximity,early_late_change,22,28,-0.0033931884877298948,-0.004102429146985017,0.0007092406592551226,0.054008445117584604,0.05316014493249165,0.1935650306511957,0.8473377585608098,0.9519705936961539
phase3_reinstatement,CSR_CueThreatTarget_Proximity,initial_final_change,22,28,-0.005131408216548828,0.002296720956076022,-0.0074281291726248505,-0.34767087562145826,-0.3422100765279275,-1.2292250504935065,0.22518886457156786,0.40533995622882213
phase3_reinstatement,CSR_CueThreatTarget_Proximity,slope,22,28,-0.0006589546861053896,-0.0006353726294880173,-2.3582056617372322e-05,-0.008647163972335739,-0.008511344642927325,-0.031238194098679617,0.9752091168793138,0.9752091168793138
phase3_reinstatement,CSR_ShockTarget_Proximity,auc_mean,22,28,-1.774088670023948,-1.7630718924549527,-0.011016777568995328,-0.09866772459688679,-0.09711796976028647,-0.36169334655786683,0.7191917417312355,0.9554300510798217
phase3_reinstatement,CSR_ShockTarget_Proximity,early_late_change,22,28,0.03087542859011071,0.026209850294496666,0.004665578295614044,0.06294533109594685,0.06195666097402099,0.2175737435441967,0.8288089781018655,0.9519705936961539
phase3_reinstatement,CSR_ShockTarget_Proximity,initial_final_change,22,28,0.08319459605766388,0.0301243027682424,0.053070293289421484,0.46096734823792185,0.4537270233964885,1.615395687569561,0.11322145548389333,0.278665529243413
phase3_reinstatement,CSR_ShockTarget_Proximity,slope,22,28,0.00982252863071161,0.0034481644532283577,0.0063743641774832525,0.39923936914237895,0.39296859371082327,1.3609280761408518,0.18133082160480807,0.4753904774692567
phase3_reinstatement,CSR_to_CSminus_NonTarget_Distance,auc_mean,22,28,0.12292469989108938,0.13295399582343617,-0.01002929593234679,-0.1458353055543297,-0.14354469866080619,-0.5434863832412051,0.5894919819663742,0.9554300510798217
phase3_reinstatement,CSR_to_CSminus_NonTarget_Distance,early_late_change,22,28,0.01568532886043168,0.011647390566369051,0.004037938294062628,0.10542444631761658,0.1037685649618425,0.36154206170074726,0.7195745894966503,0.9519705936961539
phase3_reinstatement,CSR_to_CSminus_NonTarget_Distance,initial_final_change,22,28,0.041123717208368264,0.014233754236990085,0.02688996297137818,0.4500247791974418,0.44295632716816263,1.5688391218892328,0.12385134633040576,0.278665529243413
phase3_reinstatement,CSR_to_CSminus_NonTarget_Distance,slope,22,28,0.004945587113882854,0.0014403181294833003,0.003505268984399554,0.42435425965288565,0.41768900950126964,1.4339743920701549,0.15996503000142986,0.4753904774692567
phase3_reinstatement,CSR_to_HeldoutCSR_Distance,auc_mean,22,28,0.12326623359729805,0.12416813077332865,-0.0009018971760306055,-0.015573646606644929,-0.015329034356278779,-0.05618207970155608,0.9554300510798217,0.9554300510798217
phase3_reinstatement,CSR_to_HeldoutCSR_Distance,early_late_change,22,28,0.019078517348161572,0.015749819713354072,0.0033286976348075002,0.0864203951797925,0.08506300677382718,0.3081120155278987,0.7593488065205534,0.9519705936961539
phase3_reinstatement,CSR_to_HeldoutCSR_Distance,initial_final_change,22,28,0.046255125424917096,0.011937033280914064,0.03431809214400303,0.520352315263383,0.5121792422487749,1.8483092360767006,0.07086084636720681,0.278665529243413
phase3_reinstatement,CSR_to_HeldoutCSR_Distance,slope,22,28,0.005604541799988244,0.002075690758971317,0.0035288510410169272,0.40436868464614173,0.3980173440496055,1.4234190564009446,0.1614040366013023,0.4753904774692567
phase3_reinstatement,CSR_to_Shock_Distance,auc_mean,22,28,1.8970133699150376,1.8960258882783887,0.000987481636648857,0.02114787510401801,0.02081570952646799,0.07635747333941385,0.9394521232297661,0.9554300510798217
phase3_reinstatement,CSR_to_Shock_Distance,early_late_change,22,28,-0.015190099729679057,-0.014562459728127617,-0.00062764000155144,-0.017357842460000623,-0.017085206190995378,-0.06057525128589834,0.9519705936961539,0.9519705936961539
phase3_reinstatement,CSR_to_Shock_Distance,initial_final_change,22,28,-0.04207087884929562,-0.015890548531252293,-0.026180330318043326,-0.46577159880054775,-0.4584558145261936,-1.6400677218191146,0.10784782226982037,0.278665529243413
phase3_reinstatement,CSR_to_Shock_Distance,slope,22,28,-0.004876941516828757,-0.002007846323745055,-0.002869095193083702,-0.36874545044222606,-0.3629536370844948,-1.2696973779447611,0.21128465665300297,0.4753904774692567
phase3_reinstatement,CSS_SafetyTarget_Proximity,auc_mean,22,28,0.0018674075599898288,-0.012780313097008472,0.0146477206569983,0.3395712626610765,0.3342376826192795,1.3398233107615083,0.19083581887542558,0.9554300510798217
phase3_reinstatement,CSS_SafetyTarget_Proximity,early_late_change,22,28,0.0020003072431267147,0.003624990216870079,-0.0016246829737433643,-0.11797013294594727,-0.11611719892061827,-0.39912665074084147,0.6920736414254021,0.9519705936961539
phase3_reinstatement,CSS_SafetyTarget_Proximity,initial_final_change,22,28,0.005908725422561948,-3.501405735250358e-05,0.005943739479914452,0.17881969416780052,0.17601100787197121,0.6241647745170814,0.5357255922569782,0.8035883883854674
phase3_reinstatement,CSS_SafetyTarget_Proximity,slope,22,28,0.0005260279140710433,0.0007319723683337801,-0.0002059444542627368,-0.06541271101825823,-0.06438528623786674,-0.2229585120822075,0.8247293391092414,0.9278205064978966
phase3_reinstatement,CSS_to_CSR_NonTarget_Distance,auc_mean,22,28,0.12948981308349194,0.1200720950144609,0.00941771806903105,0.1666370978044152,0.1640197611896862,0.5810403543178182,0.5641757379272174,0.9554300510798217
phase3_reinstatement,CSS_to_CSR_NonTarget_Distance,early_late_change,22,28,0.028522506036818288,0.018088349798153377,0.01043415623866491,0.1695502178087794,0.1668871253824635,0.55887312653244,0.5802077370006989,0.9519705936961539
phase3_reinstatement,CSS_to_CSR_NonTarget_Distance,initial_final_change,22,28,0.062250181068577444,0.048454836637479314,0.01379534443109813,0.10268499363911165,0.10107214033587954,0.3366267682886486,0.7387195024193777,0.85165182731249
phase3_reinstatement,CSS_to_CSR_NonTarget_Distance,slope,22,28,0.007951496963235978,0.004894985833889372,0.003056511129346606,0.20022314443711203,0.19707827829412075,0.6580779123999727,0.5153727196229915,0.6788352221293473
phase3_reinstatement,CSS_to_CSminus_Distance,auc_mean,22,28,0.12762240552350212,0.13285240811146934,-0.005230002587967214,-0.07177612580731145,-0.07064875210353169,-0.262165615615058,0.7943245033510771,0.9554300510798217
phase3_reinstatement,CSS_to_CSminus_Distance,early_late_change,22,28,0.026522198793691578,0.014463359581283298,0.01205883921240828,0.18600533320164694,0.18308378346549542,0.6163998136522122,0.5419115943790322,0.9519705936961539
phase3_reinstatement,CSS_to_CSminus_Distance,initial_final_change,22,28,0.056341455646015476,0.04848985069483181,0.007851604951183665,0.057359627579148295,0.056458691020313506,0.18858452573076873,0.85165182731249,0.85165182731249
phase3_reinstatement,CSS_to_CSminus_Distance,slope,22,28,0.007425469049164934,0.004163013465555593,0.0032624555836093406,0.20918017683571175,0.20589462431996758,0.6889218252423048,0.49595445014287975,0.6788352221293473
phase3_reinstatement,CSS_to_Shock_NonTarget_Distance,auc_mean,22,28,1.8918242226278996,1.8975147556326732,-0.0056905330047736236,-0.11684797756271777,-0.11501266901461225,-0.4070254717650697,0.6859699573508042,0.9554300510798217
phase3_reinstatement,CSS_to_Shock_NonTarget_Distance,early_late_change,22,28,-0.023114725294080207,-0.01435048898642925,-0.008764236307650957,-0.1576388515011707,-0.15516284859801097,-0.5244943647909812,0.6033895292016263,0.9519705936961539
phase3_reinstatement,CSS_to_Shock_NonTarget_Distance,initial_final_change,22,28,-0.04994658078208445,-0.042845600307152905,-0.007100980474931545,-0.05949361492550816,-0.05855916024081432,-0.1958222802310561,0.8460218022631532,0.85165182731249
phase3_reinstatement,CSS_to_Shock_NonTarget_Distance,slope,22,28,-0.00656984375567675,-0.003941693850368625,-0.002628149905308125,-0.19323734275914273,-0.19020220124983683,-0.6380864696128019,0.527982950545048,0.6788352221293473
