status,outcome,term,estimate,std_error,t,p,ci_low,ci_high,n,r2,formula,analysis,session,Group,metric,metric_z,clinical_score,clinical_score_z,clinical_outlier_method,metric_outlier_method,clinical_outlier_threshold,n_clinical_outliers_removed,n_metric_outliers_removed,covariates_used,covariate_outliers_removed,clinical_score_order,clinical_score_role,clinical_score_family,clinical_score_label,metric_order,metric_role,aim2_question,aim2_question_label,is_primary_clinical_score,is_primary_neural_metric,q_within_group_question,q_within_group_clinical_score
ok,z_dass_anxiety,Q('z_Neural_Threat_Safety_Distance'),-0.25473587045459456,0.21928681515814175,-1.1616561181340894,0.26054809616300245,-0.71544037355458,0.2059686326453909,22,0.17685806459775133,Q('z_dass_anxiety') ~ Q('z_Neural_Threat_Safety_Distance') + Q('z_demo_age') + C(Q('Gender')),PrimaryRepresentativeNeural_Aim3_Groupwise_Placebo_ZOLS,Placebo,SAD,Neural_Threat_Safety_Distance,z_Neural_Threat_Safety_Distance,dass_anxiety,z_dass_anxiety,fearnetwork_stage29_zscore,fearnetwork_stage29_zscore,3.0,0,1,"z_demo_age,Gender",demo_age:0,1,primary,general_anxiety,DASS anxiety,1,primary,Q1_geometry,Where are safety and threat in neural space?,True,True,0.4559591682852543,0.3908221442445037
ok,z_dass_anxiety,Q('z_Prototype_Certainty'),-0.3979888393446899,0.20910951135878492,-1.9032555561847713,0.0722694523080434,-0.8356600766241846,0.039682397934804825,23,0.24500284723404708,Q('z_dass_anxiety') ~ Q('z_Prototype_Certainty') + Q('z_demo_age') + C(Q('Gender')),PrimaryRepresentativeNeural_Aim3_Groupwise_Placebo_ZOLS,Placebo,SAD,Prototype_Certainty,z_Prototype_Certainty,dass_anxiety,z_dass_anxiety,fearnetwork_stage29_zscore,fearnetwork_stage29_zscore,3.0,0,0,"z_demo_age,Gender",demo_age:0,1,primary,general_anxiety,DASS anxiety,2,primary,Q2_decision_certainty,Are safety and threat cues represented decisively or ambiguously?,True,True,0.5058861661563038,0.2168083569241302
ok,z_dass_anxiety,Q('z_Neural_DynamicDiscrimination_Volatility'),-0.10484293104417945,0.23100878927935126,-0.4538482339621995,0.6550794777684188,-0.5883498837855913,0.3786640216972324,23,0.11070222061684487,Q('z_dass_anxiety') ~ Q('z_Neural_DynamicDiscrimination_Volatility') + Q('z_demo_age') + C(Q('Gender')),PrimaryRepresentativeNeural_Aim3_Groupwise_Placebo_ZOLS,Placebo,SAD,Neural_DynamicDiscrimination_Volatility,z_Neural_DynamicDiscrimination_Volatility,dass_anxiety,z_dass_anxiety,fearnetwork_stage29_zscore,fearnetwork_stage29_zscore,3.0,0,0,"z_demo_age,Gender",demo_age:0,1,primary,general_anxiety,DASS anxiety,3,primary,Q3_learning_dynamics,How do safety and threat representations change over learning?,True,True,0.7899692103492679,0.6550794777684188
ok,z_lsas_total,Q('z_Neural_Threat_Safety_Distance'),-0.5553924414349816,0.19755286401583352,-2.811361122005641,0.011551903783605716,-0.9704356075585715,-0.14034927531139163,22,0.3448041616515143,Q('z_lsas_total') ~ Q('z_Neural_Threat_Safety_Distance') + Q('z_demo_age') + C(Q('Gender')),PrimaryRepresentativeNeural_Aim3_Groupwise_Placebo_ZOLS,Placebo,SAD,Neural_Threat_Safety_Distance,z_Neural_Threat_Safety_Distance,lsas_total,z_lsas_total,fearnetwork_stage29_zscore,fearnetwork_stage29_zscore,3.0,0,1,"z_demo_age,Gender",demo_age:0,2,primary,social_anxiety_total,LSAS total,1,primary,Q1_geometry,Where are safety and threat in neural space?,True,True,0.04043166324262001,0.03465571135081715
ok,z_lsas_total,Q('z_Prototype_Certainty'),0.03944884790932767,0.23327963280784786,0.16910540982298972,0.8675010912852743,-0.44881103496102487,0.5277087307796802,23,0.06038187514390203,Q('z_lsas_total') ~ Q('z_Prototype_Certainty') + Q('z_demo_age') + C(Q('Gender')),PrimaryRepresentativeNeural_Aim3_Groupwise_Placebo_ZOLS,Placebo,SAD,Prototype_Certainty,z_Prototype_Certainty,lsas_total,z_lsas_total,fearnetwork_stage29_zscore,fearnetwork_stage29_zscore,3.0,0,0,"z_demo_age,Gender",demo_age:0,2,primary,social_anxiety_total,LSAS total,2,primary,Q2_decision_certainty,Are safety and threat cues represented decisively or ambiguously?,True,True,0.9642892619139072,0.8675010912852743
ok,z_lsas_total,Q('z_Neural_DynamicDiscrimination_Volatility'),0.07458552974148708,0.23701637665168362,0.3146851318679007,0.7564302994759089,-0.42149544787917576,0.57066650736215,23,0.06384683660283841,Q('z_lsas_total') ~ Q('z_Neural_DynamicDiscrimination_Volatility') + Q('z_demo_age') + C(Q('Gender')),PrimaryRepresentativeNeural_Aim3_Groupwise_Placebo_ZOLS,Placebo,SAD,Neural_DynamicDiscrimination_Volatility,z_Neural_DynamicDiscrimination_Volatility,lsas_total,z_lsas_total,fearnetwork_stage29_zscore,fearnetwork_stage29_zscore,3.0,0,0,"z_demo_age,Gender",demo_age:0,2,primary,social_anxiety_total,LSAS total,3,primary,Q3_learning_dynamics,How do safety and threat representations change over learning?,True,True,0.7899692103492679,0.8675010912852743
ok,z_lsas_fear,Q('z_Neural_Threat_Safety_Distance'),-0.6290683508724051,0.18962497004108497,-3.3174341477080174,0.003830956337126142,-1.0274556298117523,-0.23068107193305792,22,0.3865385516185451,Q('z_lsas_fear') ~ Q('z_Neural_Threat_Safety_Distance') + Q('z_demo_age') + C(Q('Gender')),PrimaryRepresentativeNeural_Aim3_Groupwise_Placebo_ZOLS,Placebo,SAD,Neural_Threat_Safety_Distance,z_Neural_Threat_Safety_Distance,lsas_fear,z_lsas_fear,fearnetwork_stage29_zscore,fearnetwork_stage29_zscore,3.0,0,1,"z_demo_age,Gender",demo_age:0,3,secondary,social_anxiety_subscale,LSAS fear,1,primary,Q1_geometry,Where are safety and threat in neural space?,False,True,0.026816694359882997,0.011492869011378427
ok,z_lsas_fear,Q('z_Prototype_Certainty'),0.06259042607959214,0.2368701024916584,0.2642394520084962,0.7944403768391473,-0.43318439620559956,0.5583652483647839,23,0.031235456438263753,Q('z_lsas_fear') ~ Q('z_Prototype_Certainty') + Q('z_demo_age') + C(Q('Gender')),PrimaryRepresentativeNeural_Aim3_Groupwise_Placebo_ZOLS,Placebo,SAD,Prototype_Certainty,z_Prototype_Certainty,lsas_fear,z_lsas_fear,fearnetwork_stage29_zscore,fearnetwork_stage29_zscore,3.0,0,0,"z_demo_age,Gender",demo_age:0,3,secondary,social_anxiety_subscale,LSAS fear,2,primary,Q2_decision_certainty,Are safety and threat cues represented decisively or ambiguously?,False,True,0.9642892619139072,0.7944403768391473
ok,z_lsas_fear,Q('z_Neural_DynamicDiscrimination_Volatility'),0.07258744982313159,0.24097724082764005,0.30122118409949783,0.7665175898848371,-0.43178371179405195,0.5769586114403151,23,0.03229662708861669,Q('z_lsas_fear') ~ Q('z_Neural_DynamicDiscrimination_Volatility') + Q('z_demo_age') + C(Q('Gender')),PrimaryRepresentativeNeural_Aim3_Groupwise_Placebo_ZOLS,Placebo,SAD,Neural_DynamicDiscrimination_Volatility,z_Neural_DynamicDiscrimination_Volatility,lsas_fear,z_lsas_fear,fearnetwork_stage29_zscore,fearnetwork_stage29_zscore,3.0,0,0,"z_demo_age,Gender",demo_age:0,3,secondary,social_anxiety_subscale,LSAS fear,3,primary,Q3_learning_dynamics,How do safety and threat representations change over learning?,False,True,0.7899692103492679,0.7944403768391473
ok,z_lsas_avoid,Q('z_Neural_Threat_Safety_Distance'),-0.3881903995690178,0.212645903266894,-1.8255249389018142,0.08456043786055405,-0.8349428645093826,0.058562065371347005,22,0.24501531479293603,Q('z_lsas_avoid') ~ Q('z_Neural_Threat_Safety_Distance') + Q('z_demo_age') + C(Q('Gender')),PrimaryRepresentativeNeural_Aim3_Groupwise_Placebo_ZOLS,Placebo,SAD,Neural_Threat_Safety_Distance,z_Neural_Threat_Safety_Distance,lsas_avoid,z_lsas_avoid,fearnetwork_stage29_zscore,fearnetwork_stage29_zscore,3.0,0,1,"z_demo_age,Gender",demo_age:0,4,secondary,social_anxiety_subscale,LSAS avoidance,1,primary,Q1_geometry,Where are safety and threat in neural space?,False,True,0.19730768834129278,0.2536813135816622
ok,z_lsas_avoid,Q('z_Prototype_Certainty'),0.010491781040168143,0.23127138600620473,0.04536566853924014,0.9642892619139072,-0.4735647929671569,0.49454835504749317,23,0.07649012065890637,Q('z_lsas_avoid') ~ Q('z_Prototype_Certainty') + Q('z_demo_age') + C(Q('Gender')),PrimaryRepresentativeNeural_Aim3_Groupwise_Placebo_ZOLS,Placebo,SAD,Prototype_Certainty,z_Prototype_Certainty,lsas_avoid,z_lsas_avoid,fearnetwork_stage29_zscore,fearnetwork_stage29_zscore,3.0,0,0,"z_demo_age,Gender",demo_age:0,4,secondary,social_anxiety_subscale,LSAS avoidance,2,primary,Q2_decision_certainty,Are safety and threat cues represented decisively or ambiguously?,False,True,0.9642892619139072,0.9642892619139072
ok,z_lsas_avoid,Q('z_Neural_DynamicDiscrimination_Volatility'),0.06347412189452016,0.23497237181125324,0.27013440518661125,0.7899692103492679,-0.4283287044277949,0.5552769482168353,23,0.07992379047291831,Q('z_lsas_avoid') ~ Q('z_Neural_DynamicDiscrimination_Volatility') + Q('z_demo_age') + C(Q('Gender')),PrimaryRepresentativeNeural_Aim3_Groupwise_Placebo_ZOLS,Placebo,SAD,Neural_DynamicDiscrimination_Volatility,z_Neural_DynamicDiscrimination_Volatility,lsas_avoid,z_lsas_avoid,fearnetwork_stage29_zscore,fearnetwork_stage29_zscore,3.0,0,0,"z_demo_age,Gender",demo_age:0,4,secondary,social_anxiety_subscale,LSAS avoidance,3,primary,Q3_learning_dynamics,How do safety and threat representations change over learning?,False,True,0.7899692103492679,0.9642892619139072
ok,z_dass_stress,Q('z_Neural_Threat_Safety_Distance'),-0.04382162190074467,0.23323078180432322,-0.1878895296827084,0.8530651232236959,-0.5338213118560776,0.44617806805458826,22,0.08842565441420891,Q('z_dass_stress') ~ Q('z_Neural_Threat_Safety_Distance') + Q('z_demo_age') + C(Q('Gender')),PrimaryRepresentativeNeural_Aim3_Groupwise_Placebo_ZOLS,Placebo,SAD,Neural_Threat_Safety_Distance,z_Neural_Threat_Safety_Distance,dass_stress,z_dass_stress,fearnetwork_stage29_zscore,fearnetwork_stage29_zscore,3.0,0,1,"z_demo_age,Gender",demo_age:0,5,secondary,general_distress,DASS stress,1,primary,Q1_geometry,Where are safety and threat in neural space?,False,True,0.9736324581468914,0.8530651232236959
ok,z_dass_stress,Q('z_Prototype_Certainty'),-0.1365485106448685,0.2320571334748224,-0.5884262577934656,0.5631764801560876,-0.6222496730047007,0.34915265171496374,23,0.07020418743154122,Q('z_dass_stress') ~ Q('z_Prototype_Certainty') + Q('z_demo_age') + C(Q('Gender')),PrimaryRepresentativeNeural_Aim3_Groupwise_Placebo_ZOLS,Placebo,SAD,Prototype_Certainty,z_Prototype_Certainty,dass_stress,z_dass_stress,fearnetwork_stage29_zscore,fearnetwork_stage29_zscore,3.0,0,0,"z_demo_age,Gender",demo_age:0,5,secondary,general_distress,DASS stress,2,primary,Q2_decision_certainty,Are safety and threat cues represented decisively or ambiguously?,False,True,0.9642892619139072,0.8530651232236959
ok,z_dass_stress,Q('z_Neural_DynamicDiscrimination_Volatility'),-0.11489454733852558,0.23689085186273187,-0.4850104866231899,0.6332137767095325,-0.6107127985564879,0.38092370387943675,23,0.06483815469598586,Q('z_dass_stress') ~ Q('z_Neural_DynamicDiscrimination_Volatility') + Q('z_demo_age') + C(Q('Gender')),PrimaryRepresentativeNeural_Aim3_Groupwise_Placebo_ZOLS,Placebo,SAD,Neural_DynamicDiscrimination_Volatility,z_Neural_DynamicDiscrimination_Volatility,dass_stress,z_dass_stress,fearnetwork_stage29_zscore,fearnetwork_stage29_zscore,3.0,0,0,"z_demo_age,Gender",demo_age:0,5,secondary,general_distress,DASS stress,3,primary,Q3_learning_dynamics,How do safety and threat representations change over learning?,False,True,0.7899692103492679,0.8530651232236959
ok,z_dass_depression,Q('z_Neural_Threat_Safety_Distance'),0.007977833469392542,0.23803498576727594,0.03351538196654998,0.9736324581468914,-0.49211511447752077,0.5080707814163058,22,0.011262847649118113,Q('z_dass_depression') ~ Q('z_Neural_Threat_Safety_Distance') + Q('z_demo_age') + C(Q('Gender')),PrimaryRepresentativeNeural_Aim3_Groupwise_Placebo_ZOLS,Placebo,SAD,Neural_Threat_Safety_Distance,z_Neural_Threat_Safety_Distance,dass_depression,z_dass_depression,fearnetwork_stage29_zscore,fearnetwork_stage29_zscore,3.0,0,1,"z_demo_age,Gender",demo_age:0,6,secondary,general_distress,DASS depression,1,primary,Q1_geometry,Where are safety and threat in neural space?,False,True,0.9736324581468914,0.9736324581468914
ok,z_dass_depression,Q('z_Prototype_Certainty'),-0.06456624614502368,0.2399428586588011,-0.26909009297433156,0.7907607541706505,-0.5667724210013764,0.43763992871132895,23,0.005938172767722905,Q('z_dass_depression') ~ Q('z_Prototype_Certainty') + Q('z_demo_age') + C(Q('Gender')),PrimaryRepresentativeNeural_Aim3_Groupwise_Placebo_ZOLS,Placebo,SAD,Prototype_Certainty,z_Prototype_Certainty,dass_depression,z_dass_depression,fearnetwork_stage29_zscore,fearnetwork_stage29_zscore,3.0,0,0,"z_demo_age,Gender",demo_age:0,6,secondary,general_distress,DASS depression,2,primary,Q2_decision_certainty,Are safety and threat cues represented decisively or ambiguously?,False,True,0.9642892619139072,0.9736324581468914
ok,z_dass_depression,Q('z_Neural_DynamicDiscrimination_Volatility'),0.24270442231940392,0.23828302346045502,1.018555240716436,0.32120946449276006,-0.2560276775404569,0.7414365221792647,23,0.053814248104743556,Q('z_dass_depression') ~ Q('z_Neural_DynamicDiscrimination_Volatility') + Q('z_demo_age') + C(Q('Gender')),PrimaryRepresentativeNeural_Aim3_Groupwise_Placebo_ZOLS,Placebo,SAD,Neural_DynamicDiscrimination_Volatility,z_Neural_DynamicDiscrimination_Volatility,dass_depression,z_dass_depression,fearnetwork_stage29_zscore,fearnetwork_stage29_zscore,3.0,0,0,"z_demo_age,Gender",demo_age:0,6,secondary,general_distress,DASS depression,3,primary,Q3_learning_dynamics,How do safety and threat representations change over learning?,False,True,0.7899692103492679,0.9636283934782802
ok,z_ecr_total,Q('z_Neural_Threat_Safety_Distance'),0.024531301177897105,0.23840807820547416,0.1028962666137285,0.919183002238964,-0.47634548489547407,0.5254080872512683,22,0.010333997397014238,Q('z_ecr_total') ~ Q('z_Neural_Threat_Safety_Distance') + Q('z_demo_age') + C(Q('Gender')),PrimaryRepresentativeNeural_Aim3_Groupwise_Placebo_ZOLS,Placebo,SAD,Neural_Threat_Safety_Distance,z_Neural_Threat_Safety_Distance,ecr_total,z_ecr_total,fearnetwork_stage29_zscore,fearnetwork_stage29_zscore,3.0,0,1,"z_demo_age,Gender",demo_age:0,7,secondary,attachment,ECR total,1,primary,Q1_geometry,Where are safety and threat in neural space?,False,True,0.9736324581468914,0.919183002238964
ok,z_ecr_total,Q('z_Prototype_Certainty'),-0.18686827614410823,0.23258424770402583,-0.8034433887453406,0.4316557428371639,-0.673672701265084,0.29993614897686766,23,0.06597535608463112,Q('z_ecr_total') ~ Q('z_Prototype_Certainty') + Q('z_demo_age') + C(Q('Gender')),PrimaryRepresentativeNeural_Aim3_Groupwise_Placebo_ZOLS,Placebo,SAD,Prototype_Certainty,z_Prototype_Certainty,ecr_total,z_ecr_total,fearnetwork_stage29_zscore,fearnetwork_stage29_zscore,3.0,0,0,"z_demo_age,Gender",demo_age:0,7,secondary,attachment,ECR total,2,primary,Q2_decision_certainty,Are safety and threat cues represented decisively or ambiguously?,False,True,0.9642892619139072,0.6474836142557459
ok,z_ecr_total,Q('z_Neural_DynamicDiscrimination_Volatility'),0.37061145518273847,0.22522031874328724,1.6455507089712111,0.1162986326340589,-0.1007800894884579,0.8420029998539349,23,0.15471076633350722,Q('z_ecr_total') ~ Q('z_Neural_DynamicDiscrimination_Volatility') + Q('z_demo_age') + C(Q('Gender')),PrimaryRepresentativeNeural_Aim3_Groupwise_Placebo_ZOLS,Placebo,SAD,Neural_DynamicDiscrimination_Volatility,z_Neural_DynamicDiscrimination_Volatility,ecr_total,z_ecr_total,fearnetwork_stage29_zscore,fearnetwork_stage29_zscore,3.0,0,0,"z_demo_age,Gender",demo_age:0,7,secondary,attachment,ECR total,3,primary,Q3_learning_dynamics,How do safety and threat representations change over learning?,False,True,0.7899692103492679,0.34889589790217673
ok,z_dass_anxiety,Q('z_Neural_Threat_Safety_Distance'),-0.11400983117980831,0.2108606762105174,-0.5406879709803457,0.5939208461317215,-0.5502083737608003,0.32218871140118366,27,0.025021845740154647,Q('z_dass_anxiety') ~ Q('z_Neural_Threat_Safety_Distance') + Q('z_demo_age') + C(Q('Gender')),PrimaryRepresentativeNeural_Aim3_Groupwise_Placebo_ZOLS,Placebo,HC,Neural_Threat_Safety_Distance,z_Neural_Threat_Safety_Distance,dass_anxiety,z_dass_anxiety,fearnetwork_stage29_zscore,fearnetwork_stage29_zscore,3.0,1,0,"z_demo_age,Gender",demo_age:0,1,primary,general_anxiety,DASS anxiety,1,primary,Q1_geometry,Where are safety and threat in neural space?,True,True,0.9100669253167726,0.8646392637449605
ok,z_dass_anxiety,Q('z_Prototype_Certainty'),0.3790419276653664,0.2028951537983581,1.8681664917539973,0.07453113529936613,-0.04067867635674882,0.7987625316874816,27,0.14271473815648184,Q('z_dass_anxiety') ~ Q('z_Prototype_Certainty') + Q('z_demo_age') + C(Q('Gender')),PrimaryRepresentativeNeural_Aim3_Groupwise_Placebo_ZOLS,Placebo,HC,Prototype_Certainty,z_Prototype_Certainty,dass_anxiety,z_dass_anxiety,fearnetwork_stage29_zscore,fearnetwork_stage29_zscore,3.0,1,0,"z_demo_age,Gender",demo_age:0,1,primary,general_anxiety,DASS anxiety,2,primary,Q2_decision_certainty,Are safety and threat cues represented decisively or ambiguously?,True,True,0.2608589735477815,0.2235934058980984
ok,z_dass_anxiety,Q('z_Neural_DynamicDiscrimination_Volatility'),-0.036131513570863055,0.20959229077328068,-0.17238951603399902,0.8646392637449605,-0.4697062009641706,0.39744317382244443,27,0.013903430636391212,Q('z_dass_anxiety') ~ Q('z_Neural_DynamicDiscrimination_Volatility') + Q('z_demo_age') + C(Q('Gender')),PrimaryRepresentativeNeural_Aim3_Groupwise_Placebo_ZOLS,Placebo,HC,Neural_DynamicDiscrimination_Volatility,z_Neural_DynamicDiscrimination_Volatility,dass_anxiety,z_dass_anxiety,fearnetwork_stage29_zscore,fearnetwork_stage29_zscore,3.0,1,0,"z_demo_age,Gender",demo_age:0,1,primary,general_anxiety,DASS anxiety,3,primary,Q3_learning_dynamics,How do safety and threat representations change over learning?,True,True,0.9700374340366839,0.8646392637449605
ok,z_lsas_total,Q('z_Neural_Threat_Safety_Distance'),-0.02899299267440056,0.20751658578887464,-0.13971409834150678,0.8900517623014234,-0.45728617559801676,0.3993001902492156,28,0.04979350929845072,Q('z_lsas_total') ~ Q('z_Neural_Threat_Safety_Distance') + Q('z_demo_age') + C(Q('Gender')),PrimaryRepresentativeNeural_Aim3_Groupwise_Placebo_ZOLS,Placebo,HC,Neural_Threat_Safety_Distance,z_Neural_Threat_Safety_Distance,lsas_total,z_lsas_total,fearnetwork_stage29_zscore,fearnetwork_stage29_zscore,3.0,0,0,"z_demo_age,Gender",demo_age:0,2,primary,social_anxiety_total,LSAS total,1,primary,Q1_geometry,Where are safety and threat in neural space?,True,True,0.9100669253167726,0.8900517623014234
ok,z_lsas_total,Q('z_Prototype_Certainty'),0.1336407789000173,0.21125806959443547,0.6325949070564516,0.5329794918373165,-0.3023744470682504,0.569656004868285,28,0.06461725770475368,Q('z_lsas_total') ~ Q('z_Prototype_Certainty') + Q('z_demo_age') + C(Q('Gender')),PrimaryRepresentativeNeural_Aim3_Groupwise_Placebo_ZOLS,Placebo,HC,Prototype_Certainty,z_Prototype_Certainty,lsas_total,z_lsas_total,fearnetwork_stage29_zscore,fearnetwork_stage29_zscore,3.0,0,0,"z_demo_age,Gender",demo_age:0,2,primary,social_anxiety_total,LSAS total,2,primary,Q2_decision_certainty,Are safety and threat cues represented decisively or ambiguously?,True,True,0.5329794918373165,0.7994692377559748
ok,z_lsas_total,Q('z_Neural_DynamicDiscrimination_Volatility'),-0.23685117037875938,0.19719853733246118,-1.2010797523282184,0.24144006915025454,-0.6438489479343756,0.17014660717685684,28,0.10294111060985811,Q('z_lsas_total') ~ Q('z_Neural_DynamicDiscrimination_Volatility') + Q('z_demo_age') + C(Q('Gender')),PrimaryRepresentativeNeural_Aim3_Groupwise_Placebo_ZOLS,Placebo,HC,Neural_DynamicDiscrimination_Volatility,z_Neural_DynamicDiscrimination_Volatility,lsas_total,z_lsas_total,fearnetwork_stage29_zscore,fearnetwork_stage29_zscore,3.0,0,0,"z_demo_age,Gender",demo_age:0,2,primary,social_anxiety_total,LSAS total,3,primary,Q3_learning_dynamics,How do safety and threat representations change over learning?,True,True,0.8558945238373679,0.7243202074507636
ok,z_lsas_fear,Q('z_Neural_Threat_Safety_Distance'),-0.08972057747186099,0.211631037943674,-0.42394810488875595,0.6753794059240112,-0.5265055722796549,0.34706441733593285,28,0.011740291171228101,Q('z_lsas_fear') ~ Q('z_Neural_Threat_Safety_Distance') + Q('z_demo_age') + C(Q('Gender')),PrimaryRepresentativeNeural_Aim3_Groupwise_Placebo_ZOLS,Placebo,HC,Neural_Threat_Safety_Distance,z_Neural_Threat_Safety_Distance,lsas_fear,z_lsas_fear,fearnetwork_stage29_zscore,fearnetwork_stage29_zscore,3.0,0,0,"z_demo_age,Gender",demo_age:0,3,secondary,social_anxiety_subscale,LSAS fear,1,primary,Q1_geometry,Where are safety and threat in neural space?,False,True,0.9100669253167726,0.6753794059240112
ok,z_lsas_fear,Q('z_Prototype_Certainty'),0.2675394251915644,0.21100621936848543,1.2679219882346386,0.21698888898416016,-0.16795600745761935,0.7030348578407482,28,0.06684615182345988,Q('z_lsas_fear') ~ Q('z_Prototype_Certainty') + Q('z_demo_age') + C(Q('Gender')),PrimaryRepresentativeNeural_Aim3_Groupwise_Placebo_ZOLS,Placebo,HC,Prototype_Certainty,z_Prototype_Certainty,lsas_fear,z_lsas_fear,fearnetwork_stage29_zscore,fearnetwork_stage29_zscore,3.0,0,0,"z_demo_age,Gender",demo_age:0,3,secondary,social_anxiety_subscale,LSAS fear,2,primary,Q2_decision_certainty,Are safety and threat cues represented decisively or ambiguously?,False,True,0.3797305557222803,0.5003760412460493
ok,z_lsas_fear,Q('z_Neural_DynamicDiscrimination_Volatility'),-0.20097534043011897,0.20366310382393618,-0.9868028948623864,0.33358402749736615,-0.6213153274690392,0.2193646466088012,28,0.04316227073980694,Q('z_lsas_fear') ~ Q('z_Neural_DynamicDiscrimination_Volatility') + Q('z_demo_age') + C(Q('Gender')),PrimaryRepresentativeNeural_Aim3_Groupwise_Placebo_ZOLS,Placebo,HC,Neural_DynamicDiscrimination_Volatility,z_Neural_DynamicDiscrimination_Volatility,lsas_fear,z_lsas_fear,fearnetwork_stage29_zscore,fearnetwork_stage29_zscore,3.0,0,0,"z_demo_age,Gender",demo_age:0,3,secondary,social_anxiety_subscale,LSAS fear,3,primary,Q3_learning_dynamics,How do safety and threat representations change over learning?,False,True,0.8558945238373679,0.5003760412460493
ok,z_lsas_avoid,Q('z_Neural_Threat_Safety_Distance'),0.10081991484390093,0.209471175076981,0.4813068662399466,0.6348459270269966,-0.33250422564251503,0.534144055330317,27,0.04076131487794232,Q('z_lsas_avoid') ~ Q('z_Neural_Threat_Safety_Distance') + Q('z_demo_age') + C(Q('Gender')),PrimaryRepresentativeNeural_Aim3_Groupwise_Placebo_ZOLS,Placebo,HC,Neural_Threat_Safety_Distance,z_Neural_Threat_Safety_Distance,lsas_avoid,z_lsas_avoid,fearnetwork_stage29_zscore,fearnetwork_stage29_zscore,3.0,1,0,"z_demo_age,Gender",demo_age:0,4,secondary,social_anxiety_subscale,LSAS avoidance,1,primary,Q1_geometry,Where are safety and threat in neural space?,False,True,0.9100669253167726,0.6883756025226684
ok,z_lsas_avoid,Q('z_Prototype_Certainty'),0.1854217882112783,0.2228122448038126,0.8321885019135425,0.41386009279066316,-0.27550045769667897,0.6463440341192356,27,0.05942099906949061,Q('z_lsas_avoid') ~ Q('z_Prototype_Certainty') + Q('z_demo_age') + C(Q('Gender')),PrimaryRepresentativeNeural_Aim3_Groupwise_Placebo_ZOLS,Placebo,HC,Prototype_Certainty,z_Prototype_Certainty,lsas_avoid,z_lsas_avoid,fearnetwork_stage29_zscore,fearnetwork_stage29_zscore,3.0,1,0,"z_demo_age,Gender",demo_age:0,4,secondary,social_anxiety_subscale,LSAS avoidance,2,primary,Q2_decision_certainty,Are safety and threat cues represented decisively or ambiguously?,False,True,0.5329794918373165,0.6883756025226684
ok,z_lsas_avoid,Q('z_Neural_DynamicDiscrimination_Volatility'),-0.08582408860596338,0.21130348684305944,-0.40616503725613934,0.6883756025226684,-0.5229386547719379,0.3512904775600112,27,0.03799990218569671,Q('z_lsas_avoid') ~ Q('z_Neural_DynamicDiscrimination_Volatility') + Q('z_demo_age') + C(Q('Gender')),PrimaryRepresentativeNeural_Aim3_Groupwise_Placebo_ZOLS,Placebo,HC,Neural_DynamicDiscrimination_Volatility,z_Neural_DynamicDiscrimination_Volatility,lsas_avoid,z_lsas_avoid,fearnetwork_stage29_zscore,fearnetwork_stage29_zscore,3.0,1,0,"z_demo_age,Gender",demo_age:0,4,secondary,social_anxiety_subscale,LSAS avoidance,3,primary,Q3_learning_dynamics,How do safety and threat representations change over learning?,False,True,0.9700374340366839,0.6883756025226684
ok,z_dass_stress,Q('z_Neural_Threat_Safety_Distance'),-0.15456883578612207,0.20691519666504088,-0.7470153873537945,0.4626231685771264,-0.5826055320786114,0.27346786050636723,27,0.061124559735146966,Q('z_dass_stress') ~ Q('z_Neural_Threat_Safety_Distance') + Q('z_demo_age') + C(Q('Gender')),PrimaryRepresentativeNeural_Aim3_Groupwise_Placebo_ZOLS,Placebo,HC,Neural_Threat_Safety_Distance,z_Neural_Threat_Safety_Distance,dass_stress,z_dass_stress,fearnetwork_stage29_zscore,fearnetwork_stage29_zscore,3.0,1,0,"z_demo_age,Gender",demo_age:0,5,secondary,general_distress,DASS stress,1,primary,Q1_geometry,Where are safety and threat in neural space?,False,True,0.9100669253167726,0.5184907963884469
ok,z_dass_stress,Q('z_Prototype_Certainty'),-0.1425852864832094,0.21743817311869565,-0.655750940316145,0.5184907963884469,-0.5923904181008119,0.3072198451343932,27,0.05599449935225542,Q('z_dass_stress') ~ Q('z_Prototype_Certainty') + Q('z_demo_age') + C(Q('Gender')),PrimaryRepresentativeNeural_Aim3_Groupwise_Placebo_ZOLS,Placebo,HC,Prototype_Certainty,z_Prototype_Certainty,dass_stress,z_dass_stress,fearnetwork_stage29_zscore,fearnetwork_stage29_zscore,3.0,1,0,"z_demo_age,Gender",demo_age:0,5,secondary,general_distress,DASS stress,2,primary,Q2_decision_certainty,Are safety and threat cues represented decisively or ambiguously?,False,True,0.5329794918373165,0.5184907963884469
ok,z_dass_stress,Q('z_Neural_DynamicDiscrimination_Volatility'),-0.18742547142411628,0.20358924846934148,-0.9206059398187754,0.36681193878744334,-0.6085819196697125,0.23373097682148,27,0.072521502535565,Q('z_dass_stress') ~ Q('z_Neural_DynamicDiscrimination_Volatility') + Q('z_demo_age') + C(Q('Gender')),PrimaryRepresentativeNeural_Aim3_Groupwise_Placebo_ZOLS,Placebo,HC,Neural_DynamicDiscrimination_Volatility,z_Neural_DynamicDiscrimination_Volatility,dass_stress,z_dass_stress,fearnetwork_stage29_zscore,fearnetwork_stage29_zscore,3.0,1,0,"z_demo_age,Gender",demo_age:0,5,secondary,general_distress,DASS stress,3,primary,Q3_learning_dynamics,How do safety and threat representations change over learning?,False,True,0.8558945238373679,0.5184907963884469
ok,z_dass_depression,Q('z_Neural_Threat_Safety_Distance'),0.097851812558397,0.2127299265646865,0.45998141464427394,0.6498483796592821,-0.3422135689935254,0.5379171941103194,27,0.028751393647351797,Q('z_dass_depression') ~ Q('z_Neural_Threat_Safety_Distance') + Q('z_demo_age') + C(Q('Gender')),PrimaryRepresentativeNeural_Aim3_Groupwise_Placebo_ZOLS,Placebo,HC,Neural_Threat_Safety_Distance,z_Neural_Threat_Safety_Distance,dass_depression,z_dass_depression,fearnetwork_stage29_zscore,fearnetwork_stage29_zscore,3.0,1,0,"z_demo_age,Gender",demo_age:0,6,secondary,general_distress,DASS depression,1,primary,Q1_geometry,Where are safety and threat in neural space?,False,True,0.9100669253167726,0.9700374340366839
ok,z_dass_depression,Q('z_Prototype_Certainty'),-0.3192101432776609,0.20707891724412741,-1.541490304883818,0.13684476464365197,-0.7475855213920597,0.10916523483673796,27,0.11159967481485877,Q('z_dass_depression') ~ Q('z_Prototype_Certainty') + Q('z_demo_age') + C(Q('Gender')),PrimaryRepresentativeNeural_Aim3_Groupwise_Placebo_ZOLS,Placebo,HC,Prototype_Certainty,z_Prototype_Certainty,dass_depression,z_dass_depression,fearnetwork_stage29_zscore,fearnetwork_stage29_zscore,3.0,1,0,"z_demo_age,Gender",demo_age:0,6,secondary,general_distress,DASS depression,2,primary,Q2_decision_certainty,Are safety and threat cues represented decisively or ambiguously?,False,True,0.31930445083518794,0.4105342939309559
ok,z_dass_depression,Q('z_Neural_DynamicDiscrimination_Volatility'),0.007882883423828592,0.20759560814876674,0.03797230343225554,0.9700374340366839,-0.42156135126268673,0.4373271181103439,27,0.019878073438563515,Q('z_dass_depression') ~ Q('z_Neural_DynamicDiscrimination_Volatility') + Q('z_demo_age') + C(Q('Gender')),PrimaryRepresentativeNeural_Aim3_Groupwise_Placebo_ZOLS,Placebo,HC,Neural_DynamicDiscrimination_Volatility,z_Neural_DynamicDiscrimination_Volatility,dass_depression,z_dass_depression,fearnetwork_stage29_zscore,fearnetwork_stage29_zscore,3.0,1,0,"z_demo_age,Gender",demo_age:0,6,secondary,general_distress,DASS depression,3,primary,Q3_learning_dynamics,How do safety and threat representations change over learning?,False,True,0.9700374340366839,0.9700374340366839
ok,z_ecr_total,Q('z_Neural_Threat_Safety_Distance'),0.022505132476500114,0.1971506240809342,0.11415197178001991,0.9100669253167726,-0.38439375698820666,0.42940402194120686,28,0.14235279212767182,Q('z_ecr_total') ~ Q('z_Neural_Threat_Safety_Distance') + Q('z_demo_age') + C(Q('Gender')),PrimaryRepresentativeNeural_Aim3_Groupwise_Placebo_ZOLS,Placebo,HC,Neural_Threat_Safety_Distance,z_Neural_Threat_Safety_Distance,ecr_total,z_ecr_total,fearnetwork_stage29_zscore,fearnetwork_stage29_zscore,3.0,0,0,"z_demo_age,Gender",demo_age:0,7,secondary,attachment,ECR total,1,primary,Q1_geometry,Where are safety and threat in neural space?,False,True,0.9100669253167726,0.9100669253167726
ok,z_ecr_total,Q('z_Prototype_Certainty'),0.36637484658873176,0.18801662420544202,1.948630064692584,0.06312339951011434,-0.021672393671036183,0.7544220868484997,28,0.2591074284473561,Q('z_ecr_total') ~ Q('z_Prototype_Certainty') + Q('z_demo_age') + C(Q('Gender')),PrimaryRepresentativeNeural_Aim3_Groupwise_Placebo_ZOLS,Placebo,HC,Prototype_Certainty,z_Prototype_Certainty,ecr_total,z_ecr_total,fearnetwork_stage29_zscore,fearnetwork_stage29_zscore,3.0,0,0,"z_demo_age,Gender",demo_age:0,7,secondary,attachment,ECR total,2,primary,Q2_decision_certainty,Are safety and threat cues represented decisively or ambiguously?,False,True,0.2608589735477815,0.189370198530343
ok,z_ecr_total,Q('z_Neural_DynamicDiscrimination_Volatility'),-0.03897117577577446,0.19270620625335833,-0.2022310362154997,0.841440602641608,-0.4366972376788735,0.35875488612732453,28,0.14334692365492974,Q('z_ecr_total') ~ Q('z_Neural_DynamicDiscrimination_Volatility') + Q('z_demo_age') + C(Q('Gender')),PrimaryRepresentativeNeural_Aim3_Groupwise_Placebo_ZOLS,Placebo,HC,Neural_DynamicDiscrimination_Volatility,z_Neural_DynamicDiscrimination_Volatility,ecr_total,z_ecr_total,fearnetwork_stage29_zscore,fearnetwork_stage29_zscore,3.0,0,0,"z_demo_age,Gender",demo_age:0,7,secondary,attachment,ECR total,3,primary,Q3_learning_dynamics,How do safety and threat representations change over learning?,False,True,0.9700374340366839,0.9100669253167726
